,,,,,,,
VRM,PurchaseDate,SaleDate,Mileage,GradeatAuction,TradeValuation2,SalePrice,Sale_TradeValuation2
FM08KDZ,2021-04-05,2021-05-04,119925,4,2675,1900,71.00%
YG61NDL,2021-04-05,2021-04-22,40154,4,8000,8600,107.50%
FE60ZLU,2021-04-05,2021-04-19,71844,3,2575,3000,116.50%
LM13OUB,2021-04-05,2021-04-26,91026,4,1750,1250,71.40%
BN57VTD,2021-04-05,2021-06-10,106297,4,1150,1150,100.00%
EF58MGE,2021-04-05,2021-04-26,92656,3,990,825,83.30%
YH64POJ,2021-04-05,2021-04-29,29645,3,3675,3800,103.40%
GU12EVC,2021-04-05,2021-05-06,59206,3,5275,5300,100.50%
FN64HHT,2021-04-05,2021-04-22,70608,4,2775,2625,94.60%
FL13XSB,2021-04-05,2021-04-22,102814,3,2400,2275,94.80%
SP09HSU,2021-04-05,2021-04-22,107766,5,1150,725,63.00%
NL62BYR,2021-04-05,2021-04-26,89889,4,2125,1800,84.70%
EF10GVV,2021-04-05,2021-04-26,75569,3,1250,1100,88.00%
SJ55MUM,2021-04-05,2021-04-29,98503,4,4525,4050,89.50%
SV61PWY,2021-04-05,2021-04-29,65034,4,3350,2750,82.10%
MK10HJJ,2021-04-05,2021-04-29,78468,3,1050,975,92.90%
AO15YNU,2021-04-05,2021-05-13,70676,4,4575,4250,92.90%
NH57XPL,2021-04-05,2021-04-29,44024,4,2175,2150,98.90%
OU12ZGF,2021-04-05,2021-05-13,58258,4,2400,2175,90.60%
SE08KZR,2021-04-05,2021-04-29,82153,4,1425,1100,77.20%
VE59DDO,2021-04-05,2021-06-10,92088,4,2175,2000,92.00%
FE13WCW,2021-04-05,2021-04-22,59835,3,3400,3750,110.30%
PL08PVT,2021-04-05,2021-05-06,83879,5,870,450,51.70%
EX13WJA,2021-04-06,2021-04-26,68307,2,2900,3400,117.20%
PY13CXX,2021-04-06,2021-04-22,52762,3,5450,6050,111.00%
VN60SCX,2021-04-06,2021-04-29,68346,3,2100,2000,95.20%
VK11WUV,2021-04-06,2021-05-06,54518,5,2275,1625,71.40%
KS09TUW,2021-04-06,2021-04-26,84320,4,2175,1800,82.80%
MA64VDG,2021-04-06,2021-04-15,44292,3,4050,4100,101.20%
BK12HLD,2021-04-06,2021-05-06,64122,4,2850,2250,78.90%
HJ10URU,2021-04-06,2021-04-26,112110,4,940,625,66.50%
GK16FNO,2021-04-06,2021-04-19,85189,3,7875,8400,106.70%
FE10KFJ,2021-04-06,2021-04-22,88947,4,2025,1850,91.40%
CV61VKK,2021-04-06,2021-04-22,96729,4,3250,2700,83.10%
YF61WBE,2021-04-06,2021-05-06,105689,4,3875,3250,83.90%
KS10AVT,2021-04-06,2021-04-29,62413,4,940,775,82.40%
FJ14WBT,2021-04-06,2021-04-26,53611,3,3625,3850,106.20%
MM10KJE,2021-04-06,2021-04-29,74962,4,1825,1500,82.20%
YP63UOD,2021-04-06,2021-05-04,57265,4,2325,2050,88.20%
YX12HRD,2021-04-06,2021-04-26,89294,3,4200,4250,101.20%
RO56DVJ,2021-04-06,2021-05-10,42290,3,2225,2400,107.90%
ST58CXX,2021-04-06,2021-05-06,64169,4,1325,1250,94.30%
KY65SZL,2021-04-06,2021-04-22,79863,3,3300,3000,90.90%
LV62OCN,2021-04-06,2021-04-26,37681,3,4200,4050,96.40%
WM64ARZ,2021-04-06,2021-04-26,20133,4,3125,2500,80.00%
DE14UAM,2021-04-06,2021-04-29,71672,4,6025,5400,89.60%
MK60WYA,2021-04-06,2021-04-29,50508,5,1275,900,70.60%
MD63PHO,2021-04-07,2021-04-29,87866,3,2600,2500,96.20%
DU63DYB,2021-04-07,2021-04-22,62929,3,2425,3450,142.30%
RE58FDC,2021-04-07,2021-04-29,88743,4,1150,900,78.30%
MW12YNC,2021-04-07,2021-05-04,100724,2,2375,2100,88.40%
GK62OCO,2021-04-07,2021-05-04,72592,4,2825,4300,152.20%
DA56LKY,2021-04-07,2021-06-24,122716,4,920,550,59.80%
RE11WXX,2021-04-07,2021-04-29,48962,3,1475,1350,91.50%
GY64UCD,2021-04-07,2021-04-19,45120,4,3550,3200,90.10%
SA07DXO,2021-04-07,2021-05-17,69668,4,2100,1725,82.10%
DF59NPG,2021-04-07,2021-05-06,23480,4,3225,3550,110.10%
KN09PBF,2021-04-07,2021-04-29,49222,4,3775,3400,90.10%
LG57HPV,2021-04-07,2021-04-26,76014,4,1050,575,54.80%
WM15TKA,2021-04-07,2021-05-10,22978,3,3550,3200,90.10%
EO12LJY,2021-04-07,2021-04-29,60474,3,2750,3000,109.10%
NV06MGZ,2021-04-07,2021-04-29,121638,4,1425,1350,94.70%
NK63OWV,2021-04-07,2021-04-26,71918,4,3675,3950,107.50%
NV10FFB,2021-04-07,2021-04-29,70429,4,2225,1800,80.90%
GY60FSN,2021-04-07,2021-05-04,73567,4,1925,1450,75.30%
NJ59TXS,2021-04-07,2021-05-06,90310,4,760,600,78.90%
NV14GPF,2021-04-07,2021-05-01,86598,,6900,6900,100.00%
VN64JFE,2021-04-07,2021-04-22,64847,3,4950,4900,99.00%
GU59CNA,2021-04-07,2021-04-26,101248,4,2850,2350,82.50%
WK08JFG,2021-04-07,2021-04-26,63039,3,750,975,130.00%
HV60ZFM,2021-04-07,2021-05-04,29394,4,1800,1350,75.00%
YR11FVC,2021-04-07,2021-05-04,65103,4,2625,2200,83.80%
MV10XCW,2021-04-07,2021-05-13,86523,4,1525,1025,67.20%
NK56OMD,2021-04-07,2021-05-17,62429,3,2025,3700,182.70%
HV63FWN,2021-04-08,2021-04-29,75740,4,3575,3150,88.10%
LC57WWR,2021-04-08,2021-04-26,85220,4,950,675,71.10%
LD62WFY,2021-04-08,2021-04-29,78083,3,4100,4350,106.10%
PY61GYG,2021-04-08,2021-04-29,69286,5,3850,2950,76.60%
BN13UZB,2021-04-08,2021-04-29,34700,4,3100,2900,93.50%
PN59DXH,2021-04-08,2021-05-06,76714,4,1175,1125,95.70%
YE09ZVZ,2021-04-08,2021-04-29,63147,4,4575,5000,109.30%
PX63GZU,2021-04-08,2021-04-22,69068,4,5300,5000,94.30%
DK13KVP,2021-04-08,2021-04-29,51274,4,5250,5750,109.50%
CE07HJV,2021-04-08,2021-04-26,71038,4,920,975,106.00%
NJ06VEK,2021-04-08,2021-04-29,58305,4,670,375,56.00%
YT57HDE,2021-04-08,2021-04-26,68499,5,1200,775,64.60%
DG63ELC,2021-04-08,2021-05-17,79668,2,7750,8700,112.30%
EO09MUC,2021-04-08,2021-04-26,82465,4,1825,1400,76.70%
MK14XUU,2021-04-08,2021-04-29,52304,1,4000,4350,108.70%
HV59BYG,2021-04-08,2021-04-26,72542,4,1625,1300,80.00%
HN11FLM,2021-04-08,2021-05-04,99676,4,1075,625,58.10%
FL14UHX,2021-04-08,2021-04-29,10173,2,4075,4200,103.10%
VE12YJZ,2021-04-08,2021-04-22,58130,4,3450,2800,81.20%
ND09ZTC,2021-04-08,2021-04-29,17978,4,,1150,
LB59NSO,2021-04-08,2021-04-26,90467,4,680,475,69.90%
AV14CRK,2021-04-08,2021-05-04,21055,3,4225,3850,91.10%
DY10AJX,2021-04-08,2021-04-29,52607,3,1500,1400,93.30%
HG56VZS,2021-04-08,2021-04-26,107364,4,570,375,65.80%
DE62RCF,2021-04-08,2021-04-29,80412,4,1500,1475,98.30%
GL62HFJ,2021-04-08,2021-05-06,185770,4,2750,2400,87.30%
KU12WNM,2021-04-08,2021-04-19,39094,4,2000,2050,102.50%
FN61XTF,2021-04-09,2021-04-26,47608,3,2650,3200,120.80%
GF60AHV,2021-04-09,2021-04-29,61474,3,2975,2900,97.50%
CK15OVS,2021-04-09,2021-04-29,73409,4,4600,4650,101.10%
DN59FPA,2021-04-09,2021-05-04,65780,4,1275,1100,86.30%
NX11YTS,2021-04-09,2021-05-06,61753,4,1850,1650,89.20%
SL11YCV,2021-04-09,2021-05-20,84861,3,2600,2500,96.20%
KU08KHH,2021-04-09,2021-04-29,177891,4,630,450,71.40%
YC10AWP,2021-04-09,2021-05-06,90815,3,4525,4800,106.10%
HN08HHV,2021-04-09,2021-05-04,101424,3,780,1200,153.80%
MF61ATO,2021-04-09,2021-05-06,49684,4,1350,1000,74.10%
LA11GVD,2021-04-09,2021-05-04,86149,4,1650,1250,75.80%
WF62FSK,2021-04-09,2021-05-10,18293,3,4725,4000,84.70%
GF12XHT,2021-04-09,2021-05-04,29918,4,12950,13500,104.20%
LS09UWV,2021-04-09,2021-05-20,54572,3,3825,4150,108.50%
LS10ONC,2021-04-09,2021-06-07,136366,3,4100,4050,98.80%
KP10HPO,2021-04-09,2021-04-26,32775,3,1875,1750,93.30%
SL57ZVP,2021-04-09,2021-05-06,90881,4,520,300,57.70%
GX10HDL,2021-04-09,2021-04-26,71279,4,1800,1400,77.80%
AF59XFC,2021-04-09,2021-04-26,82580,4,6500,6350,97.70%
KR60EBF,2021-04-09,2021-05-04,64309,3,4325,4450,102.90%
FJ14RYC,2021-04-10,2021-04-29,78146,3,5500,6450,117.30%
LM12XJC,2021-04-10,2021-04-26,115541,2,1425,1400,98.20%
LS12GHG,2021-04-10,2021-05-04,66862,3,5850,5700,97.40%
CA62RSO,2021-04-10,2021-04-26,77750,3,2600,2950,113.50%
GU60VRK,2021-04-10,2021-05-04,107066,4,2000,1500,75.00%
KP64XJB,2021-04-10,2021-05-06,36571,1,4125,5000,121.20%
HN14LRE,2021-04-10,2021-05-10,49230,3,3250,3750,115.40%
AO09DXD,2021-04-10,2021-05-10,112507,4,1275,1300,102.00%
N26KYE,2021-04-10,2021-04-26,64030,4,3050,2550,83.60%
WG11CLZ,2021-04-10,2021-05-13,103063,3,4000,3950,98.80%
SG56PWK,2021-04-10,2021-04-26,58972,4,900,675,75.00%
RV59HWW,2021-04-10,2021-04-29,45356,4,1025,775,75.60%
SL63ZVO,2021-04-10,2021-04-29,84363,3,5600,6700,119.60%
RE60PVY,2021-04-10,2021-05-04,117314,3,4300,4450,103.50%
MW13RYX,2021-04-10,2021-05-06,121577,5,5775,4550,78.80%
LC12YCZ,2021-04-10,2021-04-26,113914,2,5050,5150,102.00%
BN10LVZ,2021-04-10,2021-05-06,156640,4,990,950,96.00%
GU61PVL,2021-04-11,2021-05-06,96364,5,1625,1000,61.50%
LJ58RNN,2021-04-11,2021-06-03,124761,4,3200,3350,104.70%
VK12FHA,2021-04-11,2021-05-06,122995,3,8400,8300,98.80%
SP63OFY,2021-04-11,2021-04-29,40413,3,6100,5850,95.90%
WF08XDB,2021-04-11,2021-04-26,75729,3,2150,2700,125.60%
GU56EUC,2021-04-11,2021-04-26,82221,4,1150,1200,104.30%
LS13NSN,2021-04-11,2021-04-29,60375,2,3025,3550,117.40%
WF13TEJ,2021-04-11,2021-05-04,80819,2,3000,2600,86.70%
SW13KUC,2021-04-11,2021-05-20,60294,2,17200,18200,105.80%
LS09WRR,2021-04-11,2021-04-26,105251,3,3550,3350,94.40%
LD62GKO,2021-04-11,2021-05-13,72863,4,5575,5200,93.30%
LN65YTH,2021-04-11,2021-04-29,72703,3,9575,11200,117.00%
PK54USY,2021-04-11,2021-06-01,96702,4,1025,800,78.00%
EO61XZF,2021-04-11,2021-04-26,56722,,2800,2450,87.50%
CU63RGO,2021-04-11,2021-04-29,51034,3,6600,6500,98.50%
HG56LTJ,2021-04-12,2021-04-29,85731,4,1225,1250,102.00%
CA14FAU,2021-04-12,2021-05-04,97000,4,2375,1850,77.90%
NX08WUE,2021-04-12,2021-04-29,84748,4,980,675,68.90%
KT07LXV,2021-04-12,2021-05-31,101243,,1050,800,76.20%
YH64VUO,2021-04-12,2021-05-06,90869,3,3350,3650,108.90%
LC15AOO,2021-04-12,2021-05-13,76021,2,15950,18800,117.90%
EX11YTO,2021-04-12,2021-04-29,47268,4,7575,7600,100.30%
FP10WNE,2021-04-12,2021-04-29,72466,3,1975,1750,88.60%
AG59KME,2021-04-12,2021-04-29,48992,3,2700,2700,100.00%
LL15HNR,2021-04-12,2021-05-04,108298,3,4525,4450,98.30%
FH07YKL,2021-04-12,2021-05-06,60178,4,630,325,51.60%
BX63NPN,2021-04-12,2021-05-04,53813,4,6500,6300,96.90%
YA08MRV,2021-04-12,2021-05-24,129520,3,2975,2600,87.40%
DX66OGS,2021-04-12,2021-05-24,77695,4,5200,4900,94.20%
YB66YCA,2021-04-12,2021-05-27,40960,3,8300,9100,109.60%
LC59XVM,2021-04-12,2021-05-06,42344,3,1350,1025,75.90%
FY14XFJ,2021-04-12,2021-04-29,75811,2,14800,16300,110.10%
KN09GRX,2021-04-12,2021-04-29,116082,3,3425,3600,105.10%
ML61RHZ,2021-04-12,2021-04-29,193783,4,1400,1150,82.10%
WV09LGG,2021-04-13,2021-05-04,69403,4,1400,1000,71.40%
LJ62KHU,2021-04-13,2021-04-29,105079,3,2750,2600,94.50%
YA61EHS,2021-04-13,2021-05-13,80773,2,3050,3300,108.20%
KM63HGE,2021-04-13,2021-04-29,24910,2,4425,4850,109.60%
GL57VLB,2021-04-13,2021-05-13,71884,3,5150,5300,102.90%
SK09SVS,2021-04-13,2021-04-29,65328,4,1475,1175,79.70%
FL15UGA,2021-04-13,2021-05-13,97039,3,3575,4200,117.50%
SP58NNF,2021-04-13,2021-05-06,117614,3,1625,1400,86.20%
CK60YYH,2021-04-13,2021-05-10,97817,4,2200,1950,88.60%
FG62LSV,2021-04-13,2021-05-06,32764,2,6925,6700,96.80%
PF14HAE,2021-04-13,2021-05-06,34006,4,3925,3200,81.50%
EJ61UGB,2021-04-13,2021-04-29,97789,3,2025,2150,106.20%
BL14CRF,2021-04-13,2021-06-03,87716,2,2975,3350,112.60%
SE64EWO,2021-04-13,2021-04-29,31122,3,3025,2900,95.90%
KV10ZGP,2021-04-13,2021-05-05,97746,,1875,1900,101.30%
NX65PYT,2021-04-13,2021-05-17,98334,4,4125,3800,92.10%
BN14MLO,2021-04-13,2021-06-03,41582,2,3200,4150,129.70%
SW56UBM,2021-04-13,2021-05-04,146485,4,1200,650,54.20%
DE12MLY,2021-04-13,2021-04-29,88787,5,2500,2500,100.00%
HK59VDM,2021-04-14,2021-05-17,86871,4,750,350,46.70%
MA13XSY,2021-04-14,2021-04-26,16988,3,7000,7350,105.00%
NV10OZJ,2021-04-14,2021-05-25,62625,,2650,2800,105.70%
ET66KXR,2021-04-14,2021-05-17,39599,2,4125,4300,104.20%
LC59XPT,2021-04-14,2021-05-04,51969,3,4875,5800,119.00%
SJ07VWT,2021-04-14,2021-05-06,111593,4,1225,900,73.50%
YP09VYU,2021-04-14,2021-05-04,91966,,1125,1000,88.90%
KP12RZS,2021-04-14,2021-05-04,66514,2,2600,3150,121.20%
LP61JRX,2021-04-14,2021-05-17,129223,4,3400,2925,86.00%
EX62FZA,2021-04-14,2021-05-20,101636,3,4275,4150,97.10%
LS57XPO,2021-04-14,2021-06-03,43742,4,4650,4200,90.30%
BG15HLA,2021-04-14,2021-05-01,76835,,8650,9150,105.80%
AE08JRK,2021-04-14,2021-04-29,92537,4,2150,1800,83.70%
GL61EYM,2021-04-14,2021-06-03,55165,3,3375,3700,109.60%
YY60OJV,2021-04-14,2021-05-06,95791,3,1075,725,67.40%
WJ07XXO,2021-04-14,2021-05-04,64928,4,460,225,48.90%
LG10FWC,2021-04-14,2021-05-24,60715,4,2975,3100,104.20%
HG63GNY,2021-04-14,2021-05-17,101604,4,6175,6100,98.80%
EN63LLD,2021-04-14,2021-05-04,80671,4,6925,6400,92.40%
PX08YOT,2021-04-14,2021-05-04,122323,3,990,850,85.90%
KU07PUM,2021-04-14,2021-05-10,71006,5,1050,650,61.90%
YH10YRG,2021-04-14,2021-05-04,122782,3,2350,2250,95.70%
DY57XJZ,2021-04-15,2021-05-04,88224,4,1375,2050,149.10%
FD61BCF,2021-04-15,2021-05-06,127958,3,2775,2550,91.90%
SH09HJV,2021-04-15,2021-05-06,98918,4,2475,2250,90.90%
YX12WEK,2021-04-15,2021-05-13,50517,4,2775,2200,79.30%
BJ64AZD,2021-04-15,2021-05-06,87560,3,6200,6950,112.10%
YF07JYJ,2021-04-15,2021-06-03,32924,4,1825,1850,101.40%
KW59RVE,2021-04-15,2021-05-04,80803,3,2550,2450,96.10%
KU16OZL,2021-04-15,2021-05-04,89812,4,3125,2850,91.20%
WJ12LVW,2021-04-15,2021-05-17,120223,3,2475,2075,83.80%
LX62VBV,2021-04-15,2021-05-11,75924,,4550,4650,102.20%
NJ60OUP,2021-04-15,2021-05-06,59600,4,1475,1100,74.60%
WF15NWX,2021-04-15,2021-05-04,91858,3,5375,5150,95.80%
YR11RXG,2021-04-15,2021-05-10,85688,4,1550,1150,74.20%
KM61VFW,2021-04-15,2021-05-04,119111,4,7950,8000,100.60%
DX13UER,2021-04-15,2021-05-10,47755,2,10350,11700,113.00%
NG62ALO,2021-04-15,2021-05-17,78087,5,1550,1175,75.80%
GV10OGZ,2021-04-15,2021-05-13,79623,4,2700,2575,95.40%
PK13CKJ,2021-04-15,2021-05-17,44058,4,4075,4200,103.10%
LP13GXC,2021-04-15,2021-05-06,74412,3,5750,6600,114.80%
SB60KGG,2021-04-16,2021-05-10,104094,4,3850,3400,88.30%
GK13ZTX,2021-04-16,2021-05-04,54134,3,2875,2750,95.70%
KFZ4974,2021-04-16,2021-06-03,44171,3,5600,5950,106.30%
KW62ERY,2021-04-16,2021-05-06,36238,3,4575,4850,106.00%
MA11SRX,2021-04-16,2021-06-03,42071,4,4050,3400,84.00%
GJ61LUA,2021-04-16,2021-05-13,60628,3,3150,3250,103.20%
LS11XEW,2021-04-16,2021-05-06,52455,4,1925,1550,80.50%
SD60GDA,2021-04-16,2021-04-29,81612,3,5275,5700,108.10%
GJ61LHB,2021-04-16,2021-05-17,37466,4,1800,1950,108.30%
CA14OSL,2021-04-16,2021-05-04,83339,3,3075,3300,107.30%
AK13BCU,2021-04-16,2021-05-17,110353,3,4200,4050,96.40%
KN63BYK,2021-04-16,2021-05-10,76659,3,3325,3350,100.80%
KV65DWG,2021-04-16,2021-05-06,44318,2,3150,3400,107.90%
LB59ULP,2021-04-16,2021-05-17,127709,3,4100,4200,102.40%
EX56DUV,2021-04-16,2021-05-10,115245,4,510,325,63.70%
MM10JFA,2021-04-16,2021-05-10,48802,4,1725,1850,107.20%
DY58RHX,2021-04-16,2021-05-13,89100,3,990,775,78.30%
GP59FNF,2021-04-16,2021-05-20,42883,4,2200,2600,118.20%
ND59VSV,2021-04-16,2021-05-06,89460,4,1050,575,54.80%
BN13CXK,2021-04-16,2021-06-10,34487,4,4000,3300,82.50%
GF10DVA,2021-04-16,2021-05-10,53527,3,5950,6700,112.60%
WV08VNT,2021-04-16,2021-05-27,74774,5,780,375,48.10%
HV10WOA,2021-04-16,2021-05-06,82216,4,2125,2300,108.20%
DN12TLU,2021-04-16,2021-05-13,37939,1,4050,4550,112.30%
PN62XSG,2021-04-16,2021-05-20,57358,4,2725,2300,84.40%
LB62OBO,2021-04-16,2021-05-06,76811,3,3375,3750,111.10%
GV09GBY,2021-04-16,2021-05-10,104800,4,6350,5900,92.90%
YB12ACZ,2021-04-16,2021-05-13,67340,3,2975,3000,100.80%
ST11XCZ,2021-04-16,2021-05-20,59943,4,2025,1875,92.60%
CY57KFO,2021-04-17,2021-05-10,79795,3,810,650,80.20%
MV65FRC,2021-04-17,2021-06-03,49790,3,5575,5700,102.20%
DK11YWH,2021-04-17,2021-05-17,56778,5,3025,2850,94.20%
GJ13XSN,2021-04-17,2021-05-17,68399,4,3075,3100,100.80%
YH62TGF,2021-04-17,2021-05-13,68715,4,3450,3250,94.20%
WJ13NHC,2021-04-17,2021-05-17,49003,5,6575,5350,81.40%
LC09EAX,2021-04-17,2021-05-04,32748,4,1875,1950,104.00%
AD09UPJ,2021-04-17,2021-06-03,143285,4,1675,1325,79.10%
SM57BNV,2021-04-17,2021-05-17,45852,5,2375,1750,73.70%
CV14BYF,2021-04-17,2021-05-13,81524,3,4175,4800,115.00%
HJ11SYG,2021-04-17,2021-05-27,87908,4,2425,2300,94.80%
YK11KYV,2021-04-17,2021-05-13,42002,4,1575,1275,81.00%
HN59JWZ,2021-04-17,2021-05-13,67577,3,1400,1675,119.60%
NL12EHO,2021-04-17,2021-05-06,41875,2,3350,3950,117.90%
NU09NLM,2021-04-17,2021-05-13,66725,3,1875,2000,106.70%
YK05TGJ,2021-04-17,2021-06-10,38189,3,1325,1150,86.80%
KX60ZPD,2021-04-17,2021-05-27,58695,3,4525,4800,106.10%
OY13LRU,2021-04-17,2021-06-10,162269,4,2375,1825,76.80%
LS11HYV,2021-04-18,2021-05-10,58032,3,2800,2800,100.00%
TJ07KEX,2021-04-18,2021-05-13,58484,4,1100,975,88.60%
VN62HVK,2021-04-18,2021-06-03,122673,3,2425,1600,66.00%
CX59SEY,2021-04-18,2021-05-17,101779,3,2300,2125,92.40%
SM07OBV,2021-04-18,2021-05-27,96763,4,830,375,45.20%
FY12VYZ,2021-04-18,2021-05-24,92828,2,3675,4050,110.20%
LL11SFO,2021-04-18,2021-05-13,69574,4,4100,3600,87.80%
GU09MRO,2021-04-18,2021-05-13,55374,5,2800,2050,73.20%
EA11XKN,2021-04-18,2021-05-20,108695,3,5375,5350,99.50%
BN63OLW,2021-04-18,2021-05-10,36949,2,3875,4500,116.10%
DU10LNE,2021-04-18,2021-05-13,64114,3,4825,5200,107.80%
EJ08VFF,2021-04-18,2021-05-24,119965,4,850,700,82.40%
EF13HXR,2021-04-18,2021-05-13,84375,2,3750,4300,114.70%
YK61RBU,2021-04-18,2021-05-04,68651,4,6675,8075,121.00%
LD62LWZ,2021-04-18,2021-05-24,40010,3,5750,6000,104.30%
YS60MLX,2021-04-18,2021-05-06,42192,3,4975,4750,95.50%
LS62HMX,2021-04-18,2021-05-06,54879,3,2525,2450,97.00%
LC13DGZ,2021-04-18,2021-05-13,137574,4,2025,1825,90.10%
KN58ZCO,2021-04-18,2021-05-17,90687,4,4050,3450,85.20%
PX07KRO,2021-04-18,2021-05-20,51801,3,2075,2250,108.40%
BK11OKW,2021-04-19,2021-05-13,124626,4,1375,1000,72.70%
AJ11RUW,2021-04-19,2021-05-27,103309,4,3925,3100,79.00%
EX13LGY,2021-04-19,2021-05-20,81089,2,2675,3050,114.00%
FY15RSZ,2021-04-19,2021-05-10,89094,3,10200,11000,107.80%
YC62LBL,2021-04-19,2021-05-06,55689,3,1900,2000,105.30%
MJ06VUT,2021-04-19,2021-05-13,92716,5,710,350,49.30%
WJ61VGC,2021-04-19,2021-05-10,133279,3,2925,2950,100.90%
SP12OFW,2021-04-19,2021-05-13,85093,4,2400,1975,82.30%
SP60SRZ,2021-04-19,2021-05-13,78554,5,1700,950,55.90%
FN61YUK,2021-04-19,2021-05-13,78724,2,1575,1550,98.40%
YC61NZX,2021-04-19,2021-05-10,29079,4,5025,4650,92.50%
HN62UAS,2021-04-19,2021-05-17,60784,3,3700,3850,104.10%
AK11AXR,2021-04-19,2021-05-27,145424,4,1550,950,61.30%
SK59JEJ,2021-04-19,2021-05-10,155994,4,870,675,77.60%
HD06UAO,2021-04-19,2021-05-10,77251,3,3425,3450,100.70%
FY10XNU,2021-04-19,2021-05-24,98292,4,4025,4350,108.10%
FH15ZYW,2021-04-19,2021-05-24,83014,3,2450,2450,100.00%
DX13ULW,2021-04-19,2021-06-28,54037,2,2675,2700,100.90%
EO63GBZ,2021-04-20,2021-05-10,67495,2,3450,3950,114.50%
FE07OWA,2021-04-20,2021-05-17,127110,,1175,1100,93.60%
AK09TYG,2021-04-20,2021-05-20,87430,3,2750,3400,123.60%
KM09OAG,2021-04-20,2021-05-17,53326,4,1250,1300,104.00%
WJ11OAY,2021-04-20,2021-05-04,77282,3,4475,4400,98.30%
WM15VKA,2021-04-20,2021-05-10,37044,2,4075,4550,111.70%
RJ59VMA,2021-04-20,2021-05-13,134865,4,1075,800,74.40%
SP12URM,2021-04-20,2021-05-13,51519,3,1575,1400,88.90%
SH14DVY,2021-04-20,2021-05-17,64432,4,3200,3300,103.10%
HV09NHZ,2021-04-20,2021-06-03,104878,4,1775,1400,78.90%
NA63WZZ,2021-04-20,2021-05-13,39641,4,4350,4000,92.00%
LN63KFD,2021-04-20,2021-05-17,43962,4,4300,3300,76.70%
RK57PYB,2021-04-21,2021-05-13,51683,4,1900,1700,89.50%
NA09RGZ,2021-04-21,2021-05-06,99732,4,3100,2550,82.30%
LP15OKL,2021-04-21,2021-05-13,32517,2,4000,4000,100.00%
KK07HGZ,2021-04-21,2021-05-20,116429,5,740,400,54.10%
YX61ZWT,2021-04-21,2021-05-13,40511,3,2675,3150,117.80%
DK61TZT,2021-04-21,2021-05-20,17565,3,2275,2800,123.10%
CF11RXO,2021-04-21,2021-05-20,83133,4,1475,1550,105.10%
FH56XNY,2021-04-21,2021-06-03,126886,3,1250,750,60.00%
ND61HTC,2021-04-21,2021-05-06,110674,4,4700,4100,87.20%
YF11JXZ,2021-04-21,2021-05-06,55255,3,4225,4700,111.20%
RE62OBK,2021-04-21,2021-05-13,83934,3,2425,2500,103.10%
YE58ORT,2021-04-21,2021-05-17,103769,4,1825,1400,76.70%
HG09UXM,2021-04-21,2021-05-20,91904,4,840,600,71.40%
LR61ZTX,2021-04-21,2021-05-20,74171,3,6000,6600,110.00%
EK09CPZ,2021-04-21,2021-05-13,136554,4,1600,1300,81.30%
NA08NRY,2021-04-21,2021-05-27,124261,5,880,375,42.60%
HN56ATX,2021-04-21,2021-05-17,143647,4,1550,1200,77.40%
LC60LZX,2021-04-21,2021-05-17,71091,3,1900,1900,100.00%
DN13BFP,2021-04-21,2021-05-27,109480,5,8200,8400,102.40%
SA11UZR,2021-04-21,2021-05-13,83341,4,2750,2600,94.50%
AP64NUY,2021-04-21,2021-05-27,71265,4,4650,4050,87.10%
AG05MJX,2021-04-21,2021-06-10,35025,4,790,400,50.60%
RE13YAK,2021-04-21,2021-05-17,81813,4,3125,2600,83.20%
AV61YBA,2021-04-21,2021-05-13,154317,4,2825,3150,111.50%
WV13UUB,2021-04-21,2021-05-17,109416,3,2400,2200,91.70%
LJ13BGY,2021-04-21,2021-05-17,85088,2,7975,9100,114.10%
LM11WRF,2021-04-21,2021-05-20,59023,4,2350,2350,100.00%
ND13XLF,2021-04-21,2021-05-20,75249,3,6700,7000,104.50%
GV10UBP,2021-04-22,2021-05-13,109724,3,1175,1050,89.40%
MW63RHK,2021-04-22,2021-05-13,29257,2,10850,12050,111.10%
NG14VHM,2021-04-22,2021-05-20,73885,3,4075,4900,120.20%
NV59TNN,2021-04-22,2021-05-06,83505,3,910,950,104.40%
DF59WDN,2021-04-22,2021-05-27,22078,2,3125,3300,105.60%
KV08ZXF,2021-04-22,2021-05-24,92800,3,1200,1900,158.30%
MT56SSJ,2021-04-22,2021-05-17,62549,4,550,500,90.90%
GU59TXS,2021-04-22,2021-05-17,92069,4,1375,1300,94.50%
YR58JWM,2021-04-22,2021-05-17,36050,4,2325,2600,111.80%
GF12FYD,2021-04-22,2021-05-06,37515,2,3925,4350,110.80%
HG12RTZ,2021-04-22,2021-05-20,51722,4,2075,2150,103.60%
CV61WMM,2021-04-22,2021-05-17,89710,3,3200,3300,103.10%
MX64YRD,2021-04-22,2021-06-03,30660,2,4400,5050,114.80%
VK11ZLZ,2021-04-22,2021-05-20,133223,3,4125,4200,101.80%
EO56BOH,2021-04-22,2021-05-20,98059,4,1775,1800,101.40%
CV14EWT,2021-04-22,2021-05-17,64836,4,3575,3300,92.30%
GF10ULH,2021-04-22,2021-05-10,46315,4,1800,1600,88.90%
PE58KOX,2021-04-22,2021-05-10,86177,3,1200,1100,91.70%
MJ65MKC,2021-04-22,2021-05-13,11469,2,3950,4200,106.30%
AO13BNA,2021-04-22,2021-05-20,89946,4,6150,6850,111.40%
GY08MKP,2021-04-22,2021-05-24,97773,4,1200,1000,83.30%
NG64VDR,2021-04-22,2021-06-10,68928,3,3200,2900,90.60%
KU61UOT,2021-04-23,2021-05-13,70925,3,1950,2250,115.40%
DU07ZZN,2021-04-23,2021-05-10,50775,4,980,1100,112.20%
DV60RJY,2021-04-23,2021-05-13,100249,4,1025,725,70.70%
AV61MLJ,2021-04-23,2021-05-13,62224,3,3250,3200,98.50%
AO08YCD,2021-04-23,2021-05-17,68299,3,1625,2250,138.50%
YH14WRZ,2021-04-23,2021-05-17,99737,2,9900,10900,110.10%
BG59YWH,2021-04-23,2021-06-10,131116,4,1725,1700,98.60%
OV57OSG,2021-04-23,2021-05-17,163194,4,1125,900,80.00%
MK13SMO,2021-04-23,2021-05-27,68045,2,3425,3950,115.30%
FY60GBZ,2021-04-23,2021-05-24,116879,4,2425,2100,86.60%
WR12GBY,2021-04-23,2021-05-17,43397,4,1200,1150,95.80%
SL59CWP,2021-04-23,2021-05-17,114676,4,1950,1850,94.90%
ST59AUH,2021-04-23,2021-05-27,82049,4,1300,950,73.10%
SV63GXA,2021-04-23,2021-05-13,72707,2,1625,1750,107.70%
VU63PZA,2021-04-23,2021-05-17,59405,4,2050,2250,109.70%
HY65BGZ,2021-04-23,2021-05-13,51958,3,3325,4350,130.80%
CF55AAY,2021-04-23,2021-06-10,81817,4,800,775,96.90%
WP56FVV,2021-04-23,2021-05-17,87091,3,790,650,82.30%
OV12HCK,2021-04-23,2021-05-24,66738,3,1800,1800,100.00%
RE61SXN,2021-04-23,2021-06-10,57569,4,1775,1450,81.70%
BK09UAW,2021-04-23,2021-05-13,37995,3,3000,3000,100.00%
HY57PKO,2021-04-23,2021-05-24,58926,3,6950,9900,142.40%
FY57ECD,2021-04-23,2021-05-10,83906,4,840,600,71.40%
DN62LGW,2021-04-23,2021-05-13,85225,3,3150,3350,106.30%
SW14JYU,2021-04-23,2021-05-20,73312,4,13250,12050,90.90%
SP14OYN,2021-04-23,2021-05-27,91378,3,5275,5750,109.00%
WM62VMY,2021-04-24,2021-05-20,78705,3,7050,7500,106.40%
NU56BWX,2021-04-24,2021-05-13,96146,5,430,200,46.50%
OY58GZD,2021-04-24,2021-05-13,138596,4,800,650,81.30%
NV11DXW,2021-04-24,2021-05-24,92018,4,2000,1700,85.00%
PK60HRA,2021-04-24,2021-05-13,93059,3,5750,5900,102.60%
LD57YDL,2021-04-24,2021-05-17,44536,4,980,800,81.60%
WG59WEH,2021-04-24,2021-05-17,100499,4,2050,1800,87.80%
VO56EOY,2021-04-24,2021-06-10,100653,4,850,550,64.70%
SC13NTG,2021-04-24,2021-05-13,51265,4,7850,7700,98.10%
GJ61OWR,2021-04-24,2021-07-05,59521,3,3525,3600,102.10%
MV57VZU,2021-04-24,2021-05-27,118289,5,1325,900,67.90%
LG64WTK,2021-04-24,2021-05-20,94741,3,4500,5450,121.10%
EA10JGZ,2021-04-24,2021-05-13,115263,4,1050,875,83.30%
SV13OFE,2021-04-24,2021-05-20,71645,3,3850,3600,93.50%
GV11GFY,2021-04-24,2021-05-20,65010,4,1975,2050,103.80%
BN60EFA,2021-04-25,2021-05-20,85944,4,1875,1550,82.70%
DU61XCA,2021-04-25,2021-06-03,45667,4,1925,1700,88.30%
DN09UJP,2021-04-25,2021-05-24,103816,5,800,525,65.60%
NV15NYO,2021-04-25,2021-05-27,59552,2,3875,3800,98.10%
DF63OPZ,2021-04-25,2021-05-27,30180,4,1975,1775,89.90%
SN13XOO,2021-04-25,2021-05-20,53013,4,1675,1450,86.60%
YJ63HBC,2021-04-25,2021-06-10,97392,2,6550,7650,116.80%
NU14FEO,2021-04-25,2021-05-20,64415,3,6150,6250,101.60%
PX58WAE,2021-04-25,2021-05-17,44886,4,1150,900,78.30%
MJ10HZP,2021-04-25,2021-05-20,66007,4,3150,3400,107.90%
WN62JKU,2021-04-25,2021-05-20,53997,4,7275,6750,92.80%
LK11SVJ,2021-04-25,2021-05-13,59813,5,6475,6650,102.70%
GJ58UXB,2021-04-25,2021-05-24,52296,4,950,1050,110.50%
BT61SJX,2021-04-25,2021-05-27,113297,3,3250,3150,96.90%
AK64FUD,2021-04-25,2021-05-20,107744,3,4500,4800,106.70%
WU14JCJ,2021-04-25,2021-05-20,60629,2,3800,4400,115.80%
FY10YKB,2021-04-25,2021-05-24,46540,5,3875,2950,76.10%
SM61NSU,2021-04-25,2021-05-13,39549,3,1800,1650,91.70%
YR12CNK,2021-04-25,2021-06-07,84846,3,2850,2725,95.60%
RO10YZM,2021-04-26,2021-05-17,43078,4,1325,1150,86.80%
GJ56USN,2021-04-26,2021-05-17,105963,4,620,400,64.50%
BD11VEH,2021-04-26,2021-05-13,78764,4,5925,7150,120.70%
VO11WWR,2021-04-26,2021-05-20,58145,4,2050,1950,95.10%
YC63CNK,2021-04-26,2021-05-27,48165,3,3550,3550,100.00%
KR06ERX,2021-04-26,2021-05-27,127690,4,1250,1225,98.00%
PO13XKP,2021-04-26,2021-06-03,63427,2,6425,7600,118.30%
HN08GYW,2021-04-26,2021-05-17,38266,4,500,275,55.00%
KS10LZB,2021-04-26,2021-06-21,99721,4,2350,2100,89.40%
FV60AJX,2021-04-26,2021-05-17,48950,4,4500,4550,101.10%
FL14WEK,2021-04-26,2021-05-24,45683,3,3875,4150,107.10%
VO56TTU,2021-04-26,2021-05-17,114052,4,860,625,72.70%
CT62HWM,2021-04-26,2021-05-24,107048,5,2750,2025,73.60%
KS63YBZ,2021-04-26,2021-05-20,46595,4,3425,2950,86.10%
VE63TOJ,2021-04-26,2021-06-15,101380,,6050,4850,80.20%
HN10EBX,2021-04-26,2021-05-20,69310,5,2725,2050,75.20%
NK57AOB,2021-04-26,2021-07-01,111634,4,20450,24800,121.30%
RK13GOE,2021-04-26,2021-05-24,90729,4,2250,1950,86.70%
GC14NTN,2021-04-26,2021-05-17,8284,3,,3675,
FX61XBV,2021-04-26,2021-05-17,90865,3,2100,2050,97.60%
YY09ADX,2021-04-26,2021-05-13,121475,4,580,275,47.40%
WU62UUK,2021-04-26,2021-05-13,30665,2,7575,8200,108.30%
KN62VZV,2021-04-26,2021-05-17,49946,3,6725,7050,104.80%
FL59UAU,2021-04-26,2021-06-07,99053,3,8000,8050,100.60%
CF13ULO,2021-04-26,2021-05-17,67592,4,3300,3150,95.50%
KM09LUB,2021-04-26,2021-05-13,105970,4,1625,1600,98.50%
RV59JYY,2021-04-26,2021-05-17,167545,4,1525,1100,72.10%
NL64FLP,2021-04-26,2021-05-20,74701,4,5450,5450,100.00%
EF11GBO,2021-04-26,2021-05-24,85920,3,2650,3100,117.00%
YH12ZPE,2021-04-26,2021-05-24,64098,2,4750,5650,118.90%
MM13VZJ,2021-04-27,2021-05-24,63524,5,3700,3450,93.20%
BF09LXX,2021-04-27,2021-05-27,77100,5,2375,1650,69.50%
AF65NHK,2021-04-27,2021-05-27,42474,4,3500,3050,87.10%
YX59TNK,2021-04-27,2021-06-07,96177,3,9400,9200,97.90%
GY56BYV,2021-04-27,2021-05-13,93094,3,1450,1475,101.70%
NU11OVJ,2021-04-27,2021-05-20,42099,4,2300,2600,113.00%
EK57YGX,2021-04-27,2021-05-17,94060,4,610,450,73.80%
DN14GLJ,2021-04-27,2021-06-10,135262,5,1875,850,45.30%
KV17YAG,2021-04-27,2021-05-27,87019,3,4425,4225,95.50%
WG11EJU,2021-04-27,2021-05-17,62959,3,3875,4100,105.80%
LB63FKP,2021-04-27,2021-05-13,46892,4,2625,2400,91.40%
GV08NFT,2021-04-27,2021-06-03,104765,4,1175,875,74.50%
WU56OVO,2021-04-27,2021-05-24,79940,4,1025,1050,102.40%
KU59VZW,2021-04-27,2021-06-03,71293,4,3575,2600,72.70%
OU12YVF,2021-04-27,2021-05-17,111795,2,4900,5150,105.10%
LC59WJF,2021-04-27,2021-06-14,164197,3,540,325,60.20%
RJ09EZO,2021-04-27,2021-05-20,36753,5,1450,925,63.80%
AP07ZTC,2021-04-27,2021-06-07,108806,4,850,900,105.90%
CK62EHX,2021-04-27,2021-06-03,70302,4,3950,3500,88.60%
AP09DLZ,2021-04-27,2021-05-20,103933,4,1600,1150,71.90%
GF12DHL,2021-04-27,2021-05-24,30846,4,6575,6000,91.30%
GV58DXE,2021-04-28,2021-05-20,74579,3,5425,5450,100.50%
LB59YEL,2021-04-28,2021-05-24,60094,4,4325,4600,106.40%
WP06CVR,2021-04-28,2021-05-17,51209,4,720,750,104.20%
WX63GCY,2021-04-28,2021-05-20,45322,3,8375,8400,100.30%
FV12MVF,2021-04-28,2021-05-24,119760,3,2750,2900,105.50%
DV11JTY,2021-04-28,2021-05-24,82265,4,1175,1200,102.10%
YE60PFX,2021-04-28,2021-05-27,115805,4,3225,3100,96.10%
WN59NNV,2021-04-28,2021-05-24,86301,4,4225,3700,87.60%
SE66UDX,2021-04-28,2021-05-27,55253,4,3850,3600,93.50%
WN10HLF,2021-04-28,2021-06-01,118553,4,2900,2700,93.10%
SH60XFK,2021-04-28,2021-06-03,43423,3,1425,1050,73.70%
MH17FVL,2021-04-28,2021-06-28,78428,3,10200,10750,105.40%
PS09PDS,2021-04-28,2021-05-27,43648,4,6925,6450,93.10%
WR06AYO,2021-04-28,2021-05-17,138029,4,1125,800,71.10%
VE13GVF,2021-04-28,2021-05-17,63512,2,2375,3050,128.40%
FP61OKS,2021-04-28,2021-05-17,79526,3,6175,6550,106.10%
S80RBB,2021-04-28,2021-05-27,90560,3,5775,5650,97.80%
LT09PFV,2021-04-28,2021-05-20,50810,4,1200,975,81.30%
BV12WXL,2021-04-28,2021-05-17,52380,4,7250,7150,98.60%
CE65YJN,2021-04-28,2021-05-17,67895,,4025,3700,91.90%
YT07HMF,2021-04-28,2021-05-17,91966,4,5275,4900,92.90%
CK11ENC,2021-04-28,2021-05-20,86240,3,6300,6700,106.30%
AJ59LHF,2021-04-28,2021-05-20,126918,4,4650,4650,100.00%
HJ58KRK,2021-04-28,2021-05-24,99231,4,1100,875,79.50%
CK10VPT,2021-04-28,2021-06-01,,3,,825,
LG63AVK,2021-04-28,2021-05-24,27530,3,4825,5000,103.60%
RO13HHD,2021-04-28,2021-05-24,54444,4,3800,3650,96.10%
CY10HXN,2021-04-28,2021-05-27,37253,4,1325,1500,113.20%
GF58VOM,2021-04-29,2021-05-17,57914,4,950,1100,115.80%
OY64HXP,2021-04-29,2021-05-17,60754,3,3300,3800,115.10%
VE63KYN,2021-04-29,2021-05-20,43073,2,5250,6000,114.30%
MV10HWE,2021-04-29,2021-05-20,75320,4,2275,2000,87.90%
LO63LZV,2021-04-29,2021-06-03,59223,2,9275,12600,135.80%
FJ11LHL,2021-04-29,2021-06-10,120674,4,1975,1700,86.10%
WM13KHG,2021-04-29,2021-05-17,67440,3,10750,13100,121.90%
SV59BWD,2021-04-29,2021-05-20,30143,3,1825,2350,128.80%
ML12OPT,2021-04-29,2021-05-27,85753,4,5300,4700,88.70%
OV58VVP,2021-04-29,2021-06-07,105174,4,3625,3000,82.80%
FJ61VKV,2021-04-29,2021-05-20,151036,3,1925,1700,88.30%
SK63CNJ,2021-04-29,2021-05-20,52288,3,2675,2800,104.70%
FE10OVJ,2021-04-29,2021-05-27,68150,4,1300,1100,84.60%
WF62XRU,2021-04-29,2021-05-20,99416,5,5800,4400,75.90%
FH12DFZ,2021-04-29,2021-05-20,93294,4,1800,1750,97.20%
DC64CYT,2021-04-29,2021-05-20,41595,2,4225,4600,108.90%
VU61JXK,2021-04-29,2021-06-01,82234,2,8575,8600,100.30%
CE60MWJ,2021-04-29,2021-05-24,77574,3,1500,1650,110.00%
DU10TBO,2021-04-29,2021-05-17,83610,4,730,550,75.30%
ET10NWN,2021-04-29,2021-06-03,69547,4,5025,5700,113.40%
FN60YXY,2021-04-29,2021-05-20,89661,4,2900,3350,115.50%
WJ59WXV,2021-04-29,2021-05-17,104361,4,2400,2500,104.20%
TJ07BON,2021-04-29,2021-05-24,81121,4,2200,1950,88.60%
CE08DXT,2021-04-29,2021-06-21,185981,3,1050,825,78.60%
CU64TYB,2021-04-29,2021-05-27,80927,4,2150,2650,123.30%
LS62XCU,2021-04-29,2021-06-01,40999,3,6875,6950,101.10%
OY11VLG,2021-04-30,2021-05-27,79709,3,9075,10350,114.00%
DN61EOE,2021-04-30,2021-06-03,51238,4,2225,2050,92.10%
EA59HMJ,2021-04-30,2021-05-24,99215,3,1475,1650,111.90%
HN13FPE,2021-04-30,2021-05-20,121549,3,1275,1400,109.80%
YE13UNB,2021-04-30,2021-06-07,149710,,2725,2300,84.40%
NG62EAO,2021-04-30,2021-05-27,51187,3,1850,1750,94.60%
LY07UMD,2021-04-30,2021-05-24,99664,3,1325,1850,139.60%
HV62EDO,2021-04-30,2021-06-24,72772,5,1825,1025,56.20%
SY10OCP,2021-04-30,2021-05-27,87283,4,2075,1925,92.80%
YY59HWH,2021-04-30,2021-06-01,107911,4,2375,1975,83.20%
MA06EHE,2021-04-30,2021-05-17,101125,4,1025,800,78.00%
WJ63MPO,2021-04-30,2021-05-17,65799,4,2875,3000,104.30%
CE59WUL,2021-04-30,2021-05-24,98228,5,1800,1300,72.20%
AO62TWG,2021-04-30,2021-05-24,63255,2,2625,3150,120.00%
KF06EOY,2021-04-30,2021-05-24,19807,3,,1550,
BG10TXW,2021-04-30,2021-06-01,40098,3,4050,3600,88.90%
WJ62FZH,2021-05-01,2021-05-17,85246,4,950,750,78.90%
OY64RZG,2021-05-01,2021-05-24,100675,4,6125,5100,83.30%
MA10SXO,2021-05-01,2021-05-27,111009,3,3050,3000,98.40%
DE14FMF,2021-05-01,2021-05-27,80321,4,3250,2900,89.20%
HV63CVJ,2021-05-01,2021-05-27,61007,3,5775,6900,119.50%
FT12OUB,2021-05-01,2021-05-27,115515,2,2675,3050,114.00%
MW61WMD,2021-05-01,2021-05-20,69642,3,3050,3500,114.80%
ST10XWC,2021-05-01,2021-06-03,97043,4,5275,4700,89.10%
SA13PWO,2021-05-01,2021-05-27,28728,3,3925,4600,117.20%
CE60TEJ,2021-05-01,2021-05-17,95905,3,2625,2800,106.70%
DU63ZGY,2021-05-01,2021-05-20,56500,2,3750,4350,116.00%
EA60NWY,2021-05-01,2021-05-20,111616,4,1675,1500,89.60%
YD63JKX,2021-05-01,2021-05-24,113677,4,7425,6850,92.30%
MA60ZGJ,2021-05-01,2021-05-27,44953,4,3050,2700,88.50%
BK13DMZ,2021-05-01,2021-05-24,55168,3,5675,6800,119.80%
YX61WFP,2021-05-01,2021-05-27,118869,4,3350,3400,101.50%
LR58YBT,2021-05-01,2021-05-24,107808,4,1050,725,69.00%
DG62YWB,2021-05-01,2021-05-27,58355,3,1775,2000,112.70%
NG16RVT,2021-05-01,2021-06-03,34397,2,3350,3750,111.90%
CA14FDG,2021-05-01,2021-05-20,76571,4,3350,3450,103.00%
YX61YFB,2021-05-01,2021-05-20,67969,3,4375,4350,99.40%
RF59MGE,2021-05-01,2021-06-17,191204,5,1275,700,54.90%
BN11UPE,2021-05-01,2021-05-20,105026,3,1500,1550,103.30%
FP63RCO,2021-05-01,2021-06-03,75247,3,4375,4350,99.40%
SA58RYM,2021-05-01,2021-05-20,82964,3,5925,5950,100.40%
EA10DNO,2021-05-01,2021-06-03,81935,4,1850,2050,110.80%
LO09CDV,2021-05-02,2021-05-27,46447,4,3750,3925,104.70%
YG07PFU,2021-05-02,2021-05-24,57988,4,1700,1550,91.20%
RO63HTL,2021-05-02,2021-06-01,30373,2,5375,5550,103.30%
MW12TZT,2021-05-02,2021-05-24,29472,4,11200,10800,96.40%
AO06FVU,2021-05-02,2021-06-03,78129,4,450,400,88.90%
EA60EYB,2021-05-02,2021-05-24,51229,4,950,975,102.60%
BG11OJA,2021-05-02,2021-06-21,158990,,1825,1225,67.10%
FN10YXV,2021-05-02,2021-06-03,130340,4,4425,4000,90.40%
BP65NAA,2021-05-02,2021-05-13,45097,3,4275,4350,101.80%
KV14KTT,2021-05-02,2021-06-03,62163,3,3450,3650,105.80%
SJ59ZYK,2021-05-02,2021-05-17,89381,4,1775,1400,78.90%
LM06AMO,2021-05-02,2021-05-24,72824,3,2675,2850,106.50%
AU63EJY,2021-05-02,2021-05-27,52086,3,3350,3850,114.90%
DG60WOY,2021-05-02,2021-05-20,36677,3,2500,2900,116.00%
LD09EOG,2021-05-02,2021-05-27,96925,4,1825,1750,95.90%
VA57WEO,2021-05-02,2021-05-17,90117,3,860,1000,116.30%
PY56DHC,2021-05-02,2021-05-17,74112,4,1050,1050,100.00%
MK57JKN,2021-05-02,2021-05-20,40274,4,950,1200,126.30%
KX06TWB,2021-05-02,2021-05-17,149586,4,360,200,55.60%
YT13VEK,2021-05-02,2021-05-24,64828,3,2975,3150,105.90%
WF60EDX,2021-05-02,2021-06-08,89462,,1975,1650,83.50%
DG11KFA,2021-05-02,2021-05-20,57559,3,3525,3800,107.80%
CE11YYS,2021-05-03,2021-05-24,60708,3,2175,2450,112.60%
YB12WVZ,2021-05-03,2021-05-17,78285,2,2800,3100,110.70%
DA11BHD,2021-05-03,2021-06-01,70936,4,8300,7950,95.80%
GF10VYE,2021-05-03,2021-05-20,47254,4,2550,2250,88.20%
SB63HWX,2021-05-03,2021-06-03,56134,2,9400,10400,110.60%
SW59ETV,2021-05-03,2021-05-27,77056,4,2925,2450,83.80%
GL09YWZ,2021-05-03,2021-05-24,83315,4,1675,1450,86.60%
YS11VNT,2021-05-03,2021-06-03,94873,4,3625,3100,85.50%
WL61HLK,2021-05-03,2021-06-01,64243,2,1250,1400,112.00%
RO09NTT,2021-05-03,2021-06-24,181816,3,2800,2400,85.70%
NX06YDJ,2021-05-03,2021-06-03,49170,4,650,1000,153.80%
AF58OJD,2021-05-03,2021-05-27,150287,4,810,850,104.90%
MT62GBF,2021-05-03,2021-06-03,57688,3,2700,3000,111.10%
LM11HLE,2021-05-03,2021-05-20,75803,5,6875,5300,77.10%
RJ14OOD,2021-05-03,2021-06-14,45955,3,3950,4600,116.50%
BN66OKJ,2021-05-03,2021-06-03,96468,2,10400,10800,103.80%
GFZ6636,2021-05-03,2021-05-27,108902,3,2175,2075,95.40%
CX57YKP,2021-05-03,2021-06-07,145726,5,430,275,63.90%
ND60JOV,2021-05-03,2021-06-03,62854,4,3475,3000,86.30%
BV06NMY,2021-05-03,2021-06-15,77062,,3150,3150,100.00%
GV15DND,2021-05-03,2021-06-03,190692,3,,6100,
RO13KPK,2021-05-03,2021-05-20,91944,4,4700,5300,112.80%
CX11VBP,2021-05-03,2021-06-10,78756,4,1925,1700,88.30%
DE60XHN,2021-05-03,2021-06-03,53741,4,2000,1550,77.50%
YP11RVJ,2021-05-03,2021-05-27,55317,2,15050,17400,115.60%
AF57VXC,2021-05-03,2021-05-27,87037,4,1800,1550,86.10%
WG12JYS,2021-05-03,2021-05-27,97138,2,2250,2100,93.30%
PO61XDL,2021-05-03,2021-06-17,98149,3,1875,1750,93.30%
ST63FZN,2021-05-03,2021-05-24,66072,3,16700,17500,104.80%
DG08KOE,2021-05-03,2021-05-27,75887,3,3500,4450,127.10%
PK10WHN,2021-05-03,2021-05-20,66564,3,2400,2700,112.50%
HV13VLN,2021-05-03,2021-06-01,68965,4,2150,2225,103.50%
WG09XWK,2021-05-04,2021-05-24,165648,4,600,350,58.30%
SN64ZUD,2021-05-04,2021-05-27,109788,4,3725,3125,83.90%
SP13WRT,2021-05-04,2021-06-10,140384,4,11350,10100,89.00%
RE13SKF,2021-05-04,2021-05-24,34896,3,10250,10300,100.50%
GJ13VKB,2021-05-04,2021-05-24,83860,4,5075,5250,103.40%
RV57GUU,2021-05-04,2021-06-10,87431,4,5700,5250,92.10%
AK15LDN,2021-05-04,2021-06-01,54003,3,3175,3550,111.80%
GY63UXL,2021-05-04,2021-05-24,81711,3,5075,5700,112.30%
WK63PHZ,2021-05-04,2021-05-17,50773,4,3875,3525,91.00%
MA13PDO,2021-05-04,2021-05-27,105062,3,2675,2600,97.20%
MA62KAJ,2021-05-04,2021-06-03,94777,3,5000,4900,98.00%
MT12AUR,2021-05-04,2021-06-01,101974,3,6225,5450,87.60%
DL15UPC,2021-05-04,2021-05-27,57873,4,3825,3300,86.30%
SH13YMU,2021-05-04,2021-05-27,59582,3,12700,13850,109.10%
NA63XNT,2021-05-04,2021-06-03,59383,2,10600,11100,104.70%
LR12KUB,2021-05-04,2021-06-03,118787,4,4150,3600,86.70%
VU63CYT,2021-05-05,2021-05-17,83234,3,4875,5400,110.80%
RN06AKV,2021-05-05,2021-05-27,39224,4,1225,1025,83.70%
VE15XJN,2021-05-05,2021-05-27,72645,3,5625,6600,117.30%
FG64JFY,2021-05-05,2021-05-24,74259,3,6250,6700,107.20%
ML11VLX,2021-05-05,2021-06-03,55544,4,5925,6650,112.20%
HJ64FZD,2021-05-05,2021-05-17,68984,4,6250,5650,90.40%
AY13XBE,2021-05-05,2021-06-03,109736,4,3450,3100,89.90%
S3RVL,2021-05-05,2021-06-03,111665,4,3875,3800,98.10%
TF07UCS,2021-05-05,2021-06-10,56771,4,1650,1850,112.10%
BT64RAU,2021-05-05,2021-05-20,28006,2,3425,4100,119.70%
CE64VCT,2021-05-05,2021-05-20,64962,3,1825,2000,109.60%
AF62HFM,2021-05-05,2021-05-24,59835,3,5200,5700,109.60%
YN63ODX,2021-05-05,2021-05-27,63471,4,6375,6350,99.60%
MK11VUV,2021-05-05,2021-05-27,87238,4,1600,1150,71.90%
EX13LSY,2021-05-05,2021-05-20,107355,2,2275,2350,103.30%
MX63XSJ,2021-05-05,2021-05-27,48440,3,3200,2825,88.30%
DE64XCG,2021-05-05,2021-05-27,89304,3,6450,6900,107.00%
SB60NTT,2021-05-05,2021-05-27,70422,4,1675,1450,86.60%
DE62TZV,2021-05-05,2021-05-27,52123,2,2700,2400,88.90%
NU60RYN,2021-05-05,2021-05-27,105358,3,1575,1900,120.60%
YN17ZYG,2021-05-05,2021-05-27,76581,3,14050,14700,104.60%
OV12AZG,2021-05-05,2021-05-20,36007,3,3925,4300,109.60%
BG06GNJ,2021-05-05,2021-05-27,55396,4,1575,1800,114.30%
GU58WXH,2021-05-05,2021-05-27,142901,4,1450,1300,89.60%
EX63KAK,2021-05-05,2021-05-27,32678,3,6125,6750,110.20%
EO11TZG,2021-05-05,2021-06-03,116899,3,3375,3400,100.70%
YJ63PTZ,2021-05-05,2021-05-20,47850,2,4150,4700,113.30%
WR63SXK,2021-05-05,2021-05-27,62618,2,2650,2850,107.50%
LV61JVG,2021-05-05,2021-06-03,100622,3,5950,5750,96.60%
HY63WYR,2021-05-05,2021-05-27,39910,4,4350,3850,88.50%
SG12EOX,2021-05-05,2021-05-27,66661,3,2225,2300,103.40%
KP62EVD,2021-05-05,2021-06-01,126928,,6725,5800,86.20%
YS62DZG,2021-05-05,2021-06-03,80200,2,8625,9000,104.30%
EJ12TGU,2021-05-06,2021-05-24,34545,4,2850,2425,85.10%
LC59WKU,2021-05-06,2021-06-03,148588,4,1050,725,69.00%
ML61SVG,2021-05-06,2021-05-27,33928,5,3525,2625,74.50%
YG62JZH,2021-05-06,2021-06-01,45170,2,4200,4600,109.50%
KX60JWE,2021-05-06,2021-06-10,149724,4,480,400,83.30%
PN61ZCZ,2021-05-06,2021-06-07,62125,3,3450,3700,107.20%
VA11DDU,2021-05-06,2021-06-21,112784,3,1825,1675,91.80%
YT13YBY,2021-05-06,2021-05-27,43534,2,3550,4300,121.10%
SG15FDU,2021-05-06,2021-06-03,76565,4,7300,7700,105.50%
LS59CHV,2021-05-06,2021-05-27,68533,4,1500,1700,113.30%
GJ10CUG,2021-05-06,2021-06-10,96050,4,2900,2700,93.10%
YP11ODL,2021-05-06,2021-05-27,78682,4,1825,1925,105.50%
YP11ODL,2021-05-06,2021-07-01,78682,4,1650,1600,97.00%
LA63TAY,2021-05-07,2021-05-27,75035,3,4450,4850,109.00%
WV61VBU,2021-05-07,2021-05-27,86257,2,4575,4475,97.80%
BV13OAB,2021-05-07,2021-06-01,92123,3,3225,2800,86.80%
RE59VUW,2021-05-07,2021-05-24,63323,3,900,900,100.00%
AP07VKM,2021-05-07,2021-06-03,91302,4,710,500,70.40%
DU13OLJ,2021-05-07,2021-05-27,96373,2,2000,1750,87.50%
SL57LWZ,2021-05-07,2021-05-24,82457,3,1925,1950,101.30%
M1YNP,2021-05-07,2021-05-24,71968,4,5575,6700,120.20%
KR11GVG,2021-05-07,2021-06-24,120291,4,880,550,62.50%
WF10UAK,2021-05-07,2021-05-27,119442,4,1150,775,67.40%
GK12WUP,2021-05-07,2021-06-03,67503,4,2600,2300,88.50%
CK14UYV,2021-05-07,2021-06-01,153897,4,6950,6800,97.80%
EY63YNR,2021-05-07,2021-05-27,91201,4,6000,5350,89.20%
CP10FVU,2021-05-07,2021-06-01,31508,3,4150,4000,96.40%
LL11LDE,2021-05-07,2021-06-01,133783,3,4650,4750,102.20%
MV58WYY,2021-05-07,2021-05-24,78649,4,1150,1200,104.30%
BX63EPY,2021-05-07,2021-07-02,82480,,2275,1850,81.30%
MX63DDN,2021-05-07,2021-06-14,53639,3,2150,2250,104.70%
YS62VYC,2021-05-07,2021-06-01,27418,3,2625,2575,98.10%
DY13XDP,2021-05-07,2021-05-20,72105,4,2925,3600,123.10%
MT56WTK,2021-05-07,2021-06-03,106434,4,1150,800,69.60%
SD12XXO,2021-05-07,2021-05-27,144888,3,1925,1800,93.50%
AD09WCG,2021-05-07,2021-06-03,89279,4,3750,3950,105.30%
PJ08UEM,2021-05-07,2021-05-27,88320,4,910,675,74.20%
RE61WKH,2021-05-07,2021-06-03,91373,3,3750,4800,128.00%
KU62ORY,2021-05-07,2021-05-24,65423,3,3725,3800,102.00%
VE08LNT,2021-05-07,2021-06-07,98336,4,840,425,50.60%
RE61WKH,2021-05-07,2021-06-17,91373,3,3600,4300,119.40%
CE14SZN,2021-05-08,2021-05-27,92749,2,9550,11100,116.20%
WP59VXT,2021-05-08,2021-05-27,96650,4,2650,3000,113.20%
HW59KPZ,2021-05-08,2021-06-01,72677,4,3125,2700,86.40%
GF62DKE,2021-05-08,2021-06-01,61090,3,3750,4000,106.70%
DA63GYW,2021-05-08,2021-06-01,42293,2,3900,5400,138.50%
YX13GWA,2021-05-08,2021-06-03,34600,1,11050,13600,123.10%
LV13UJN,2021-05-08,2021-06-02,48973,,3150,3400,107.90%
KC56XJU,2021-05-08,2021-06-01,87987,4,560,500,89.30%
RO04ZZX,2021-05-08,2021-06-07,150221,3,660,550,83.30%
KR63YMS,2021-05-08,2021-06-03,96779,2,8250,8950,108.50%
LO10XCP,2021-05-08,2021-06-14,97624,4,1325,1200,90.60%
GN10BSX,2021-05-08,2021-05-25,44573,,4075,3750,92.00%
YK57PUV,2021-05-08,2021-06-10,86625,4,1950,1600,82.10%
YC62VFJ,2021-05-08,2021-05-27,103299,4,1700,1200,70.60%
KX09XJA,2021-05-08,2021-06-01,69925,3,1100,1850,168.20%
BV09VJM,2021-05-08,2021-05-27,51864,4,3825,3325,86.90%
DP15XSN,2021-05-08,2021-06-21,49661,4,4125,3325,80.60%
SG56SPG,2021-05-08,2021-05-31,83373,,4550,4100,90.10%
MF12PWZ,2021-05-08,2021-06-03,67634,4,3700,3500,94.60%
AJ60PPU,2021-05-08,2021-05-27,87689,4,4000,4050,101.30%
GF11YJD,2021-05-08,2021-06-01,80936,4,3000,2650,88.30%
FD09TZV,2021-05-08,2021-06-01,84923,4,1900,1925,101.30%
SF60MDY,2021-05-08,2021-06-03,61760,3,3375,3500,103.70%
YP61KRJ,2021-05-08,2021-06-03,107092,4,1550,1500,96.80%
PFZ1489,2021-05-08,2021-06-10,59886,3,4150,4350,104.80%
YD59FBA,2021-05-08,2021-06-21,81152,3,1375,1200,87.30%
DN61PGO,2021-05-08,2021-05-20,95010,4,1300,1000,76.90%
MJ58KMO,2021-05-08,2021-05-24,96886,4,1400,1225,87.50%
MT57XYP,2021-05-08,2021-06-01,106276,4,590,475,80.50%
EK13GTU,2021-05-08,2021-06-07,119373,2,3650,3600,98.60%
NU08UNG,2021-05-08,2021-06-10,79547,4,2175,1800,82.80%
MA64CPU,2021-05-09,2021-05-27,75900,3,5000,5400,108.00%
LG60MSX,2021-05-09,2021-05-24,35700,3,3950,4000,101.30%
YM62ATV,2021-05-09,2021-05-27,39031,3,2725,2700,99.10%
MA63NYN,2021-05-09,2021-06-03,54638,2,6125,6850,111.80%
KW07HTN,2021-05-09,2021-05-27,105183,4,480,350,72.90%
FD13OEH,2021-05-09,2021-05-27,58558,4,3625,3950,109.00%
RE62ATF,2021-05-09,2021-06-03,43382,4,3575,3050,85.30%
LS11XEU,2021-05-09,2021-06-21,25622,3,2425,2450,101.00%
KM05HPN,2021-05-09,2021-06-10,57014,4,2375,3400,143.20%
AF14ETR,2021-05-09,2021-05-27,50830,4,2975,3150,105.90%
FN12OGT,2021-05-09,2021-05-27,80508,3,2200,2350,106.80%
YT08VRP,2021-05-09,2021-06-03,28176,3,2575,2850,110.70%
CA59UPC,2021-05-09,2021-06-07,103204,3,6075,7600,125.10%
NU58PUH,2021-05-09,2021-05-27,62300,4,1275,1250,98.00%
LO13XLV,2021-05-09,2021-06-01,41088,5,2675,2000,74.80%
KM09OKV,2021-05-09,2021-06-01,116156,4,2300,2100,91.30%
BV60CNK,2021-05-09,2021-05-27,118548,3,2850,3300,115.80%
KT65SXA,2021-05-09,2021-06-10,36795,2,4400,4950,112.50%
CE64SBV,2021-05-09,2021-06-01,57502,3,4275,4150,97.10%
FY58NKU,2021-05-09,2021-06-03,54912,4,2175,2000,92.00%
HG12ASU,2021-05-09,2021-06-14,72523,4,1450,1175,81.00%
LS60NSN,2021-05-09,2021-06-01,78900,3,3675,3700,100.70%
EO63UTU,2021-05-09,2021-05-27,70893,4,3650,2800,76.70%
LV08OWD,2021-05-10,2021-06-01,57005,4,800,900,112.50%
GD14FNC,2021-05-10,2021-06-07,69781,2,7925,8400,106.00%
OU57HFE,2021-05-10,2021-06-21,69207,4,880,650,73.90%
WJ11YKU,2021-05-10,2021-06-07,80596,3,3425,3500,102.20%
MJ12ORV,2021-05-10,2021-06-07,105620,3,2425,2300,94.80%
VA11TSY,2021-05-10,2021-06-17,131799,4,2500,2050,82.00%
RA08VYL,2021-05-10,2021-06-14,114573,4,1750,1500,85.70%
VU62URW,2021-05-10,2021-05-27,144498,3,1375,1200,87.30%
WL62EWP,2021-05-10,2021-06-01,82526,,4950,5200,105.10%
SV13RGX,2021-05-10,2021-06-01,62431,5,5200,4000,76.90%
MK62YHV,2021-05-10,2021-06-03,103527,3,9800,10100,103.10%
YX13UWS,2021-05-10,2021-06-01,47114,2,2575,3650,141.70%
BJ12VLT,2021-05-10,2021-06-21,124770,3,7300,6950,95.20%
GK62BVN,2021-05-10,2021-06-04,50976,,12300,10850,88.20%
NX60XBL,2021-05-10,2021-06-03,120239,3,5050,4950,98.00%
RJ13XFS,2021-05-10,2021-06-01,72675,3,3575,3900,109.10%
NL12BWC,2021-05-10,2021-06-10,79844,3,1450,1250,86.20%
KU05LFK,2021-05-10,2021-06-01,128326,4,960,700,72.90%
DG62ZZM,2021-05-10,2021-06-03,32315,3,2575,2500,97.10%
CA09HXY,2021-05-10,2021-06-03,94291,4,1800,1500,83.30%
WF09YCR,2021-05-10,2021-07-01,114740,3,780,975,125.00%
OV15AWW,2021-05-11,2021-06-07,104639,4,8000,6900,86.30%
SA12NKM,2021-05-11,2021-06-10,90118,3,2925,2950,100.90%
KP60ZVB,2021-05-11,2021-06-21,73460,4,4000,4500,112.50%
CX61UXU,2021-05-11,2021-06-08,73207,,1625,1800,110.80%
KN11MFZ,2021-05-11,2021-06-03,108552,4,3750,3700,98.70%
MW10OCO,2021-05-11,2021-06-24,75432,4,930,850,91.40%
WN07EXA,2021-05-11,2021-06-07,57813,4,610,425,69.70%
HG09ZFM,2021-05-11,2021-06-03,96191,4,1725,1500,87.00%
YY60UAT,2021-05-11,2021-06-10,60379,4,3050,2700,88.50%
RO13YGE,2021-05-11,2021-06-01,49459,2,3900,4250,109.00%
VU13OEL,2021-05-11,2021-06-28,69183,3,5950,6200,104.20%
WK64UPE,2021-05-11,2021-06-01,63365,2,3700,3850,104.10%
YD62XGV,2021-05-11,2021-06-07,91445,4,4325,4000,92.50%
FG14AYU,2021-05-11,2021-05-27,75084,3,7425,8000,107.70%
PE60XPH,2021-05-11,2021-06-24,77701,4,1050,700,66.70%
AJ11HBB,2021-05-11,2021-06-28,103904,3,5025,4800,95.50%
LX63CFN,2021-05-11,2021-06-01,39921,3,6650,7000,105.30%
KS58ZTV,2021-05-11,2021-06-01,88003,5,960,525,54.70%
MJ61VHA,2021-05-11,2021-06-24,58821,2,8575,9200,107.30%
PN59MZZ,2021-05-11,2021-06-03,94593,4,3925,3700,94.30%
LN60YHZ,2021-05-11,2021-06-21,39815,4,2125,2050,96.50%
YF58PZD,2021-05-12,2021-06-01,61703,3,970,1025,105.70%
CK12CZZ,2021-05-12,2021-06-03,49980,4,1925,1600,83.10%
VE56XCD,2021-05-12,2021-05-27,71062,4,780,400,51.30%
FP12HMA,2021-05-12,2021-06-03,170408,3,1375,1250,90.90%
MV62VME,2021-05-12,2021-06-01,58706,4,2300,2050,89.10%
GK10BCU,2021-05-12,2021-06-03,93798,4,3950,3600,91.10%
FH62NSJ,2021-05-12,2021-06-10,60632,3,3750,3550,94.70%
RX63OHL,2021-05-12,2021-06-08,92371,,2900,2800,96.60%
GL57TWF,2021-05-12,2021-06-03,141931,3,2800,2700,96.40%
HV12OZM,2021-05-12,2021-06-28,74706,2,2050,1900,92.70%
MF10JWD,2021-05-12,2021-06-07,80494,4,2475,2300,92.90%
FV62AHJ,2021-05-12,2021-06-03,50790,3,3150,3050,96.80%
VU59LSY,2021-05-12,2021-05-27,103734,4,1925,1775,92.20%
KN60UYF,2021-05-12,2021-06-21,84371,3,5450,5700,104.60%
WU58UYK,2021-05-12,2021-06-10,47019,4,2000,1850,92.50%
VK13GGU,2021-05-12,2021-05-27,148337,3,5800,5450,94.00%
SA61YTF,2021-05-12,2021-06-10,30577,3,1275,1100,86.30%
AK64MMF,2021-05-12,2021-06-03,37647,3,3375,3500,103.70%
HG60XZU,2021-05-12,2021-06-14,53179,4,940,1075,114.40%
FG65MZD,2021-05-12,2021-06-03,82206,3,4575,4850,106.00%
VA11CVZ,2021-05-12,2021-07-01,75630,4,1675,1500,89.60%
LL11NAA,2021-05-12,2021-06-03,99529,4,1525,1250,82.00%
NL13FLN,2021-05-12,2021-06-10,47641,3,3900,4550,116.70%
HV11TWP,2021-05-12,2021-06-03,85492,4,1300,1050,80.80%
WJ63DGF,2021-05-12,2021-06-03,29695,3,5400,5750,106.50%
DG61GVJ,2021-05-13,2021-06-17,107380,3,4325,4400,101.70%
RE14NUW,2021-05-13,2021-06-03,94286,3,7575,7750,102.30%
BJ11EMV,2021-05-13,2021-06-14,124499,4,4375,3950,90.30%
LR59UFT,2021-05-13,2021-06-03,54564,3,2025,1950,96.30%
SD60UVU,2021-05-13,2021-06-07,127673,4,1475,1200,81.40%
YB07KRD,2021-05-13,2021-06-14,73205,5,1475,1025,69.50%
YD64OHO,2021-05-13,2021-06-03,82220,3,5825,5700,97.90%
AY63VEL,2021-05-13,2021-06-07,51577,3,2975,3000,100.80%
PJ10MYL,2021-05-13,2021-06-28,70916,3,2075,1900,91.60%
FY13YHG,2021-05-13,2021-06-24,89795,4,2300,1400,60.90%
VO10SYA,2021-05-13,2021-06-03,81128,4,2850,2700,94.70%
GJ60LRZ,2021-05-13,2021-06-07,57587,3,3325,3375,101.50%
HG60AZD,2021-05-13,2021-06-10,30976,4,4225,3800,89.90%
LS58OLB,2021-05-13,2021-06-10,45033,4,1875,1600,85.30%
AV08URK,2021-05-13,2021-06-24,68242,3,680,450,66.20%
KS14LWX,2021-05-13,2021-06-01,78636,3,11300,10800,95.60%
FH63ESG,2021-05-13,2021-06-03,58171,4,4675,5350,114.40%
WF62YPO,2021-05-13,2021-06-21,112129,4,6075,5650,93.00%
LV07BRF,2021-05-14,2021-06-07,91832,4,640,650,101.60%
LY08OPS,2021-05-14,2021-06-03,68160,4,2075,1800,86.70%
RF07UYC,2021-05-14,2021-06-01,57123,4,1850,1600,86.50%
SA62LWC,2021-05-14,2021-06-03,41738,4,2150,1700,79.10%
DK59YXW,2021-05-14,2021-06-03,79986,4,1450,1300,89.60%
YA62CFM,2021-05-14,2021-06-10,45714,2,7900,8200,103.80%
DN14ZKF,2021-05-14,2021-06-07,92797,4,3700,3300,89.20%
FL14UBS,2021-05-14,2021-06-03,97676,3,2125,2200,103.50%
LN65ORU,2021-05-14,2021-05-29,78993,,5150,5200,101.00%
VO11ZJN,2021-05-14,2021-06-07,45781,4,3775,3800,100.70%
SG62JYR,2021-05-14,2021-06-03,40573,2,6275,6600,105.20%
DE61GKC,2021-05-14,2021-06-10,49650,4,1400,1175,83.90%
AD12AOR,2021-05-14,2021-06-01,72968,2,4225,4550,107.70%
EO63RVR,2021-05-14,2021-06-07,72956,3,5100,5800,113.70%
OE08VRF,2021-05-14,2021-06-07,92404,5,1175,800,68.10%
HV56VDY,2021-05-14,2021-05-27,53013,3,1400,1425,101.80%
KY59FYU,2021-05-14,2021-06-07,56258,4,5350,4600,86.00%
SL63GUW,2021-05-14,2021-06-03,63633,4,2450,2250,91.80%
GF07PXU,2021-05-14,2021-06-07,82797,4,460,275,59.80%
SA13UZD,2021-05-14,2021-06-07,62497,3,3925,4350,110.80%
OV56SZR,2021-05-14,2021-06-24,94655,4,670,125,18.70%
HW15JZV,2021-05-14,2021-06-03,61671,4,2950,2700,91.50%
LC59MKL,2021-05-14,2021-06-07,75403,4,2600,2150,82.70%
SL62GWC,2021-05-14,2021-06-03,68125,4,6025,5200,86.30%
RJ63VJN,2021-05-14,2021-06-03,62742,4,3175,2900,91.30%
BF61ZFP,2021-05-14,2021-06-24,102213,4,4100,3300,80.50%
FG08YWA,2021-05-14,2021-06-24,72743,5,920,375,40.80%
YK07VFO,2021-05-15,2021-06-03,69116,5,3950,4650,117.70%
LB13GMG,2021-05-15,2021-06-21,68267,3,4425,4800,108.50%
GU62GPF,2021-05-15,2021-06-21,60114,2,7325,7600,103.80%
KX64XCN,2021-05-15,2021-06-07,86965,2,6425,7200,112.10%
HN62WCJ,2021-05-15,2021-06-07,82747,3,1700,1675,98.50%
FV60NKT,2021-05-15,2021-06-10,96966,4,2900,2500,86.20%
GF08PGO,2021-05-15,2021-06-01,48291,3,1275,1200,94.10%
KV60LWE,2021-05-15,2021-06-17,103100,4,690,425,61.60%
VU63EER,2021-05-15,2021-06-01,68445,2,3300,3650,110.60%
YL14KWA,2021-05-15,2021-06-03,105114,4,6825,6700,98.20%
LG56NEO,2021-05-15,2021-06-03,86785,4,940,750,79.80%
AK11JNO,2021-05-15,2021-06-03,84704,4,1900,1750,92.10%
HJ08KNC,2021-05-15,2021-06-14,79013,4,970,975,100.50%
RJ64UJZ,2021-05-15,2021-06-04,61746,,3475,3600,103.60%
EA59NDK,2021-05-15,2021-06-14,58104,3,3875,4000,103.20%
FL10JGX,2021-05-16,2021-06-03,63647,4,1800,2000,111.10%
YH63XXO,2021-05-16,2021-06-01,26072,2,3775,3750,99.30%
LR60BVF,2021-05-16,2021-06-03,62127,4,4350,3900,89.60%
LG10CWD,2021-05-16,2021-06-07,65404,4,2025,2450,121.00%
BG63PNE,2021-05-16,2021-06-17,102523,3,2850,2900,101.80%
WK07ZSP,2021-05-16,2021-06-28,94767,4,600,225,37.50%
KM06FKU,2021-05-16,2021-06-17,106499,4,1225,725,59.20%
DS14VSD,2021-05-16,2021-07-01,93814,2,4025,4500,111.80%
CK59XNT,2021-05-16,2021-06-14,47181,4,960,750,78.10%
FV11AWR,2021-05-16,2021-06-03,69668,4,1850,2200,118.90%
FX13SFE,2021-05-16,2021-06-03,50765,3,3800,4350,114.50%
WR16WWK,2021-05-16,2021-06-14,74881,3,10150,10850,106.90%
WU07JZW,2021-05-16,2021-06-21,91075,4,730,725,99.30%
MT12ZGH,2021-05-16,2021-06-01,38788,2,2325,3400,146.20%
GK63DRO,2021-05-16,2021-06-07,87578,4,2900,3350,115.50%
LN12WBL,2021-05-16,2021-06-07,108355,4,4025,3550,88.20%
DG10URY,2021-05-16,2021-06-07,94226,4,1875,1950,104.00%
FN06SZF,2021-05-16,2021-06-07,56778,5,3425,3000,87.60%
VE64BFA,2021-05-16,2021-06-24,104452,3,4850,3350,69.10%
FG12KGF,2021-05-17,2021-06-28,92116,3,4850,5150,106.20%
MM12BKO,2021-05-17,2021-06-11,73636,,1675,1800,107.50%
ND60TWU,2021-05-17,2021-06-03,118105,3,2725,2650,97.20%
SG14YKM,2021-05-17,2021-06-17,119631,4,2025,1375,67.90%
WD14UUE,2021-05-17,2021-06-07,91058,3,2600,2400,92.30%
SE65HFV,2021-05-17,2021-06-03,109716,4,3400,3000,88.20%
FD12TFU,2021-05-17,2021-06-07,85918,4,3500,3175,90.70%
HX64ZGK,2021-05-17,2021-06-10,21380,2,3925,4500,114.60%
EX57EZT,2021-05-17,2021-06-14,60714,4,2000,2000,100.00%
LD09WVE,2021-05-17,2021-06-14,49744,4,2900,3600,124.10%
GU13AUJ,2021-05-17,2021-06-21,35128,3,6375,6450,101.20%
Y77BAB,2021-05-17,2021-06-03,57433,4,2650,2250,84.90%
LB62YVN,2021-05-17,2021-06-21,81652,2,9300,9700,104.30%
HT16ZGM,2021-05-17,2021-06-14,78894,4,8900,7400,83.10%
NL14KXS,2021-05-17,2021-06-03,69061,3,2350,2500,106.40%
YY57ETR,2021-05-17,2021-06-03,119941,3,490,500,102.00%
KU12YBO,2021-05-17,2021-06-07,83056,3,1725,1825,105.80%
NM07UBT,2021-05-17,2021-06-10,117878,4,1425,1050,73.70%
VA07VZL,2021-05-18,2021-06-28,92270,4,950,725,76.30%
MF13WDZ,2021-05-18,2021-06-07,58006,2,4175,4500,107.80%
KW12WGP,2021-05-18,2021-06-07,49357,3,1825,2000,109.60%
DG59SWX,2021-05-18,2021-07-01,154706,3,2475,2350,94.90%
DN12HZU,2021-05-18,2021-06-24,77896,3,3225,4150,128.70%
YY10UJJ,2021-05-18,2021-06-24,43381,4,1225,900,73.50%
FD62BBO,2021-05-18,2021-06-03,124106,3,2350,2750,117.00%
PK60XEF,2021-05-18,2021-06-14,48904,4,1950,1675,85.90%
PF10JXK,2021-05-18,2021-06-28,49343,3,2000,2000,100.00%
BN10ZJZ,2021-05-18,2021-06-17,92585,3,1125,900,80.00%
MT63TLO,2021-05-18,2021-06-03,97153,2,11800,12300,104.20%
CV10WDR,2021-05-18,2021-06-28,66311,4,2350,2100,89.40%
HG61JXT,2021-05-19,2021-06-17,55976,4,4400,4400,100.00%
DG10OKS,2021-05-19,2021-06-07,71077,3,2150,2150,100.00%
EA64PXT,2021-05-19,2021-06-03,85251,2,5025,5550,110.40%
SG63ZFR,2021-05-19,2021-06-03,65993,3,4000,4400,110.00%
EU14SNY,2021-05-19,2021-06-03,35387,3,2400,2800,116.70%
KM62DMF,2021-05-19,2021-06-07,51997,4,3775,3300,87.40%
CX13UPF,2021-05-19,2021-06-24,60670,4,3725,3625,97.30%
LS14RFF,2021-05-19,2021-06-14,84479,3,2125,2200,103.50%
NA66ECX,2021-05-19,2021-06-03,72373,2,25500,26800,105.10%
PE62YTL,2021-05-19,2021-06-03,51983,5,2250,1700,75.60%
NX62WTW,2021-05-19,2021-06-03,67658,2,3700,3900,105.40%
KM15FJC,2021-05-19,2021-06-07,80973,2,5350,5400,100.90%
K1OKH,2021-05-19,2021-07-01,96766,4,550,525,95.50%
RJ11ODG,2021-05-19,2021-06-07,66749,3,3750,4125,110.00%
PE13DFX,2021-05-19,2021-06-10,42213,3,6350,6400,100.80%
MT60EPX,2021-05-19,2021-06-24,55784,4,1950,1350,69.20%
RJ14GWN,2021-05-19,2021-06-07,79034,2,1825,2100,115.10%
FV12SXH,2021-05-20,2021-06-10,69238,2,11100,11900,107.20%
CA07EES,2021-05-20,2021-06-07,88240,4,800,650,81.30%
ML10FLA,2021-05-20,2021-06-10,65788,4,1650,1950,118.20%
SM61ZCY,2021-05-20,2021-06-21,77150,4,1375,1300,94.50%
GV61HMK,2021-05-20,2021-06-14,58011,5,2750,2050,74.50%
DV11DKF,2021-05-20,2021-06-10,96176,4,1625,1475,90.80%
MT11WLB,2021-05-20,2021-06-28,55462,3,5150,5350,103.90%
VK08BHL,2021-05-20,2021-06-10,105411,4,2700,2550,94.40%
NL11GHA,2021-05-20,2021-06-10,75264,4,3250,3400,104.60%
SP58VZX,2021-05-20,2021-06-10,71472,4,5450,4700,86.20%
OE09UNK,2021-05-20,2021-06-21,82597,4,2775,2500,90.10%
SX15FPJ,2021-05-20,2021-06-24,92172,3,4625,5400,116.80%
BU06LBN,2021-05-20,2021-06-03,88205,4,590,500,84.70%
FT62FRD,2021-05-20,2021-06-10,65151,4,2800,2400,85.70%
SY10WHM,2021-05-20,2021-06-17,62726,4,2275,1900,83.50%
SR14BXE,2021-05-20,2021-06-24,82825,3,4375,5350,122.30%
LX63HKN,2021-05-21,2021-06-17,63990,4,4125,4000,97.00%
AF63JYK,2021-05-21,2021-06-24,80336,4,5300,4500,84.90%
FE63RZP,2021-05-21,2021-07-01,31379,3,5925,5800,97.90%
DV10SZG,2021-05-21,2021-06-24,58541,4,1175,1000,85.10%
YE59XHH,2021-05-21,2021-06-10,102505,4,5525,5200,94.10%
AJ10ZNW,2021-05-21,2021-06-24,95022,4,2025,1375,67.90%
CP11UJW,2021-05-21,2021-07-05,112335,3,3925,3500,89.20%
SD15XPK,2021-05-21,2021-06-14,62443,3,2775,2800,100.90%
SN13VHU,2021-05-21,2021-06-10,91900,2,2850,3050,107.00%
WL12FXB,2021-05-21,2021-06-24,99922,4,1475,1050,71.20%
DU64RYO,2021-05-21,2021-06-14,102987,,4625,4750,102.70%
CP11UJW,2021-05-21,2021-06-24,112334,3,3600,3250,90.30%
VN10FDY,2021-05-21,2021-06-28,91335,3,730,625,85.60%
AO60AYP,2021-05-21,2021-06-14,53361,3,2000,2050,102.50%
SM62EXA,2021-05-21,2021-07-01,67848,4,3300,2750,83.30%
GF09MDZ,2021-05-21,2021-06-24,48304,4,2675,2500,93.50%
EF13DBX,2021-05-21,2021-06-17,47928,2,7975,9100,114.10%
WU09JHH,2021-05-21,2021-06-10,150943,3,4225,4050,95.90%
RE59CCK,2021-05-21,2021-06-21,107165,4,1775,1800,101.40%
EJ13KZD,2021-05-21,2021-06-28,68370,4,4075,3050,74.80%
ND60KHP,2021-05-21,2021-06-07,80313,3,3275,3650,111.50%
DA06YHX,2021-05-21,2021-06-28,95314,4,520,500,96.20%
FP11CZL,2021-05-21,2021-06-07,123678,3,4150,4400,106.00%
CV59OYJ,2021-05-21,2021-06-21,65502,4,1750,1700,97.10%
WA61LVK,2021-05-22,2021-06-07,125278,2,6250,6350,101.60%
CV59EEU,2021-05-22,2021-06-17,145780,4,1450,1300,89.60%
MV09ZDT,2021-05-22,2021-06-24,99732,4,640,300,46.90%
WR56TXD,2021-05-22,2021-06-21,75474,3,1200,2500,208.30%
GY10HXX,2021-05-22,2021-06-14,49275,3,2200,2700,122.70%
PX10XKW,2021-05-22,2021-06-24,80938,4,2075,1150,55.40%
ML09BSZ,2021-05-22,2021-06-14,129338,5,870,600,69.00%
PK08KZG,2021-05-22,2021-06-24,74646,5,1050,850,81.00%
GU11EHN,2021-05-22,2021-06-24,48730,4,2950,2800,94.90%
EK06WFF,2021-05-22,2021-06-24,114575,4,530,300,56.60%
YB13EKN,2021-05-22,2021-06-17,28239,2,5200,5700,109.60%
BN63PEO,2021-05-22,2021-06-14,77980,5,2225,1700,76.40%
AV61SKE,2021-05-22,2021-06-21,64730,4,5025,4700,93.50%
VH09HAY,2021-05-22,2021-06-22,148712,,2375,1500,63.10%
VU62VNJ,2021-05-22,2021-06-07,55274,3,2125,2750,129.40%
NC08TGE,2021-05-22,2021-06-24,58494,3,1825,1500,82.20%
GM15XDW,2021-05-22,2021-06-14,34918,3,3100,3800,122.60%
BT60WBZ,2021-05-22,2021-06-28,51003,4,2325,2350,101.10%
MX10XPB,2021-05-22,2021-06-21,88758,4,5450,5750,105.50%
FG61YNJ,2021-05-22,2021-06-10,75429,4,1225,1350,110.20%
WA15YZS,2021-05-22,2021-06-28,98328,2,6700,7000,104.50%
MT61PUY,2021-05-22,2021-06-28,85037,2,2325,2050,88.20%
LC62WRO,2021-05-23,2021-06-07,54972,3,9725,9750,100.30%
MJ13DMV,2021-05-23,2021-06-07,38680,3,3875,3850,99.40%
OY64MZJ,2021-05-23,2021-07-05,109472,2,5825,6400,109.90%
SL12WNT,2021-05-23,2021-06-10,75623,3,2750,2750,100.00%
LC09LCA,2021-05-23,2021-06-28,124513,5,2050,1100,53.70%
YW64FFD,2021-05-23,2021-06-17,72740,2,7025,8250,117.40%
LN12RUV,2021-05-23,2021-06-28,92048,4,7375,7050,95.60%
HN61DPO,2021-05-23,2021-06-21,72028,4,2850,2850,100.00%
YK14VJE,2021-05-23,2021-06-24,114949,2,8875,8900,100.30%
NC58WUW,2021-05-23,2021-06-07,71057,5,1175,800,68.10%
KS58CXZ,2021-05-23,2021-06-24,75628,4,1625,1550,95.40%
BK11JXX,2021-05-23,2021-06-14,142400,3,1225,1250,102.00%
CP61OSD,2021-05-23,2021-06-17,81036,4,2150,2000,93.00%
OY08OBU,2021-05-23,2021-06-21,117930,4,4175,3950,94.60%
SV10ZLK,2021-05-23,2021-06-17,60096,4,8050,8100,100.60%
NA63KRE,2021-05-23,2021-06-24,43440,4,3025,2300,76.00%
GN10PNV,2021-05-23,2021-06-14,71665,3,8850,10600,119.80%
SO59XCV,2021-05-23,2021-06-17,84510,3,9250,8850,95.70%
TJZ9212,2021-05-23,2021-07-05,133679,4,1775,1500,84.50%
LV10HHE,2021-05-24,2021-06-14,91109,4,1000,1050,105.00%
PJ10OCE,2021-05-24,2021-07-01,31609,4,3225,2850,88.40%
SW12CDN,2021-05-24,2021-06-21,81975,,1525,1150,75.40%
EN56OUO,2021-05-24,2021-06-07,140929,4,1250,1025,82.00%
FE11EDR,2021-05-24,2021-06-21,53213,3,2450,2950,120.40%
DV64UYO,2021-05-24,2021-06-14,82940,2,5800,6400,110.30%
RK59OYE,2021-05-24,2021-06-14,68470,4,2475,2200,88.90%
CK13GPF,2021-05-24,2021-06-08,64065,,3050,2500,82.00%
HN12FVS,2021-05-24,2021-06-21,69569,4,2425,2100,86.60%
DE13JYP,2021-05-24,2021-06-14,73429,4,5400,5100,94.40%
KN10ZFG,2021-05-24,2021-06-24,93594,1,720,650,90.30%
LG13SOE,2021-05-24,2021-06-21,40069,3,3675,4050,110.20%
SK13VRL,2021-05-24,2021-06-24,41559,3,3000,4350,145.00%
ST11FYO,2021-05-24,2021-06-24,65001,3,4725,5100,107.90%
OY12ZXN,2021-05-24,2021-06-24,102097,4,7250,8150,112.40%
LL62TVX,2021-05-24,2021-06-07,93390,4,2425,2600,107.20%
SL63HGZ,2021-05-24,2021-07-05,64729,,7325,7250,99.00%
CY13JUJ,2021-05-24,2021-06-24,104942,4,5225,4600,88.00%
NU60DZA,2021-05-25,2021-06-17,82041,3,990,1350,136.40%
GF58JFZ,2021-05-25,2021-06-14,58420,4,1450,1800,124.10%
WU62XLO,2021-05-25,2021-06-21,72491,3,5500,5800,105.50%
FY61JAU,2021-05-25,2021-07-05,75528,4,1400,1850,132.10%
ND10AYH,2021-05-25,2021-06-28,156184,3,1775,1350,76.10%
SV62XAU,2021-05-25,2021-06-17,78591,3,5225,5250,100.50%
MA62ONE,2021-05-25,2021-06-17,34767,4,2900,2650,91.40%
BJ10FDY,2021-05-25,2021-06-10,85222,4,1000,800,80.00%
MK12ZCJ,2021-05-25,2021-06-15,57924,,4200,3800,90.50%
AK56GPZ,2021-05-25,2021-06-21,84441,4,800,600,75.00%
CV09PUO,2021-05-25,2021-06-24,65944,4,1075,750,69.80%
LC60VGO,2021-05-25,2021-06-28,120483,4,1675,1050,62.70%
GU57NHV,2021-05-25,2021-06-21,81951,4,1200,1125,93.80%
YR15NNB,2021-05-25,2021-06-21,117824,4,4175,3850,92.20%
YR62PWU,2021-05-25,2021-06-24,57551,3,3125,3550,113.60%
YF16SVY,2021-05-25,2021-07-01,76392,4,8050,8300,103.10%
YR60ENX,2021-05-25,2021-06-21,109990,4,1025,975,95.10%
WP63VXO,2021-05-25,2021-06-17,57201,3,3875,4250,109.70%
LC63OKM,2021-05-25,2021-06-21,47189,3,9350,9700,103.70%
LD13GYT,2021-05-26,2021-06-24,67274,3,4800,4500,93.80%
CA59DVT,2021-05-26,2021-06-21,20480,4,2725,2450,89.90%
LS61TYU,2021-05-26,2021-06-21,86082,3,5400,5700,105.60%
SM63GXL,2021-05-26,2021-06-17,95420,4,2300,2800,121.70%
RF62MYS,2021-05-26,2021-06-28,78100,2,6025,5800,96.30%
FL08ZSU,2021-05-26,2021-06-21,103083,4,640,450,70.30%
HK59EKN,2021-05-26,2021-06-21,72188,4,950,850,89.50%
AK60ZZE,2021-05-26,2021-06-21,52513,4,10150,11500,113.30%
DS60LZP,2021-05-26,2021-06-28,64745,4,1875,1700,90.70%
KY61NCV,2021-05-26,2021-06-24,64929,2,13900,13800,99.30%
KY58YKK,2021-05-26,2021-06-24,103628,3,2825,2600,92.00%
FT13PHU,2021-05-26,2021-06-21,54645,4,3200,3400,106.30%
LC60EEP,2021-05-26,2021-06-21,83307,3,5225,5200,99.50%
PF06JSZ,2021-05-26,2021-06-24,65746,4,820,625,76.20%
RO59JKV,2021-05-26,2021-06-21,60378,4,4550,5450,119.80%
DF12AVG,2021-05-26,2021-06-28,127125,4,1375,1000,72.70%
KP62BFZ,2021-05-27,2021-06-10,37527,3,6975,6850,98.20%
YB09YJC,2021-05-27,2021-06-17,86027,4,2075,1850,89.10%
GL59JKK,2021-05-27,2021-06-14,53694,4,1550,1400,90.30%
DY11BXA,2021-05-27,2021-06-17,91975,4,1950,1400,71.80%
VK12RPZ,2021-05-27,2021-06-21,91615,5,4175,3300,79.00%
LY57NLP,2021-05-27,2021-06-28,58191,3,5175,5200,100.50%
BV13GBY,2021-05-27,2021-06-24,32885,3,3750,3750,100.00%
YY09TLN,2021-05-27,2021-06-21,128655,4,770,550,71.40%
PO11XRW,2021-05-27,2021-06-17,106292,4,2200,1900,86.40%
YM11CLY,2021-05-27,2021-06-28,35995,4,3800,3400,89.50%
SL63GWC,2021-05-27,2021-06-24,39840,2,2450,3100,126.50%
GY62AEL,2021-05-27,2021-06-17,76672,3,3225,3400,105.40%
BK63NKO,2021-05-27,2021-06-17,42566,2,3875,4250,109.70%
EK11GKL,2021-05-28,2021-06-21,54229,4,4125,4000,97.00%
GV06LMU,2021-05-28,2021-06-24,128933,4,1900,1350,71.10%
PJ63XEF,2021-05-28,2021-06-28,93664,2,6550,6400,97.70%
YP14AYW,2021-05-28,2021-07-01,21198,2,2675,2900,108.40%
MM10AVF,2021-05-28,2021-06-28,69766,3,2325,2300,98.90%
EX64EWR,2021-05-28,2021-06-24,72605,3,9525,9550,100.30%
DY65EOM,2021-05-28,2021-06-28,70550,2,4350,4350,100.00%
DA60GCX,2021-05-28,2021-06-24,117968,3,1275,1000,78.40%
DG56CWE,2021-05-28,2021-06-28,101970,4,630,625,99.20%
LN59WOY,2021-05-28,2021-07-01,36566,4,2275,2500,109.90%
EA08AUE,2021-05-29,2021-06-28,65252,2,2525,2950,116.80%
RO14FHU,2021-05-29,2021-06-24,106636,2,5350,5400,100.90%
YR11WDT,2021-05-29,2021-06-21,60460,4,3575,3300,92.30%
MJ10YKW,2021-05-29,2021-06-21,129867,4,2075,1800,86.70%
OV11OSN,2021-05-29,2021-06-21,68415,5,2625,2100,80.00%
YT59XKO,2021-05-29,2021-06-28,78733,4,630,200,31.70%
GF09FYS,2021-05-29,2021-06-21,106519,4,3525,3650,103.50%
RV61OZO,2021-05-29,2021-06-21,88299,3,2225,2200,98.90%
NG12OEX,2021-05-29,2021-06-21,55059,2,3650,3950,108.20%
KN63ZPT,2021-05-29,2021-06-24,71419,4,6050,5950,98.30%
BK06OKM,2021-05-29,2021-07-01,46442,4,810,575,71.00%
WF12YZY,2021-05-30,2021-06-24,66369,3,6025,6800,112.90%
FE12OUH,2021-05-30,2021-06-28,123109,4,2200,1750,79.50%
VO11NPG,2021-05-30,2021-07-05,113347,4,3900,3350,85.90%
LN63XWW,2021-05-30,2021-06-21,58915,3,4975,5400,108.50%
R30JAX,2021-05-30,2021-07-05,86968,3,760,900,118.40%
ND60EER,2021-05-30,2021-06-24,139066,3,1925,2500,129.90%
LJ63BMV,2021-05-30,2021-06-21,36800,3,5050,5200,103.00%
DG60XHL,2021-05-30,2021-06-24,67104,4,1925,1750,90.90%
MK59ANX,2021-05-30,2021-06-21,121574,4,3500,3300,94.30%
YK12XFZ,2021-05-30,2021-07-06,114067,,3050,2700,88.50%
LD13LVT,2021-05-30,2021-06-24,72162,3,12600,13400,106.30%
AO61VFX,2021-05-30,2021-06-28,58133,3,2750,2650,96.40%
VO10ZJY,2021-05-30,2021-06-28,80318,4,2000,2250,112.50%
LM60UCX,2021-05-31,2021-06-24,56528,4,1075,950,88.40%
KV57LZF,2021-05-31,2021-06-21,75966,4,1575,1575,100.00%
FV16AKY,2021-05-31,2021-06-28,83921,4,2900,2700,93.10%
YD12XVR,2021-05-31,2021-06-24,122395,3,1375,1200,87.30%
LX64TWC,2021-05-31,2021-06-24,40229,2,2700,3400,125.90%
AF61VFX,2021-05-31,2021-06-24,103010,3,2000,1625,81.30%
YK61UER,2021-05-31,2021-07-01,79055,3,1750,1750,100.00%
AK61VUJ,2021-05-31,2021-06-24,68965,4,1300,1025,78.80%
RV07VLM,2021-05-31,2021-07-05,78019,3,690,700,101.40%
LX14WNE,2021-05-31,2021-06-24,38215,3,2525,3000,118.80%
WT63DZX,2021-05-31,2021-06-17,57768,2,2800,3050,108.90%
LM12YJO,2021-05-31,2021-06-21,56220,5,6200,5500,88.70%
EF64KZP,2021-05-31,2021-06-22,95230,,3225,3025,93.80%
DA10BFP,2021-06-01,2021-06-28,54931,3,2975,3150,105.90%
HV63DJU,2021-06-01,2021-06-30,96439,,15750,16450,104.40%
WV12XYZ,2021-06-01,2021-06-21,37978,2,4350,5250,120.70%
AU14EJJ,2021-06-01,2021-06-17,72444,4,11750,10800,91.90%
EJ09NJZ,2021-06-01,2021-06-24,64715,4,4050,3600,88.90%
CN13ZUD,2021-06-01,2021-06-21,78379,3,5250,5250,100.00%
WJ62CDU,2021-06-01,2021-06-17,37729,3,3750,3800,101.30%
EY10TXP,2021-06-01,2021-06-24,70089,4,1525,1800,118.00%
VK62XNS,2021-06-01,2021-07-01,40477,4,7575,6900,91.10%
NL09OMC,2021-06-01,2021-07-05,109876,4,1075,800,74.40%
WR59NBY,2021-06-01,2021-06-21,73212,4,1625,1450,89.20%
GY60TWL,2021-06-01,2021-06-28,91437,4,1075,850,79.10%
CE12UGY,2021-06-01,2021-06-24,73139,3,2475,2200,88.90%
LN56SWK,2021-06-01,2021-06-28,105038,4,730,275,37.70%
VU60TGK,2021-06-02,2021-06-28,93430,4,3350,2500,74.60%
WF61UMG,2021-06-02,2021-06-28,126392,4,4400,3550,80.70%
SP59YJN,2021-06-02,2021-06-17,68989,4,4600,4150,90.20%
ST60HYV,2021-06-02,2021-06-24,45634,3,1275,1850,145.10%
BN58CSO,2021-06-02,2021-06-24,48149,4,1050,950,90.50%
SA59OMW,2021-06-02,2021-06-24,86175,4,760,700,92.10%
EJ13WNB,2021-06-02,2021-06-21,116180,,1500,950,63.30%
EA07GZM,2021-06-02,2021-06-21,123241,4,1825,1600,87.70%
YG07RUJ,2021-06-02,2021-06-21,75318,4,1350,1200,88.90%
KY07FVD,2021-06-02,2021-07-01,71792,2,13150,14050,106.80%
OU13ZSG,2021-06-02,2021-06-24,62751,3,2550,2900,113.70%
LM07JJK,2021-06-02,2021-07-01,107501,4,5175,4650,89.90%
YE63TWF,2021-06-02,2021-06-17,37502,2,6900,8700,126.10%
WV15PVK,2021-06-02,2021-06-24,79201,3,5750,7000,121.70%
OV06LTF,2021-06-02,2021-07-05,131537,4,1875,1500,80.00%
ST56KFE,2021-06-03,2021-07-01,198315,4,1750,1550,88.60%
LP62CKU,2021-06-03,2021-06-28,54077,3,4350,5500,126.40%
BK59YBT,2021-06-03,2021-06-24,116114,4,480,300,62.50%
SC62KOB,2021-06-03,2021-06-24,109635,3,1200,800,66.70%
LM60LLZ,2021-06-03,2021-06-24,89862,3,7950,7950,100.00%
LB06VAA,2021-06-03,2021-06-24,51215,4,750,400,53.30%
YG63OTE,2021-06-03,2021-06-17,49731,3,3325,3750,112.80%
LC65COU,2021-06-03,2021-06-21,72866,3,14650,14400,98.30%
FT08HRJ,2021-06-03,2021-06-24,70468,4,1450,1450,100.00%
SD09OVC,2021-06-03,2021-06-24,101427,3,580,450,77.60%
YB57AWM,2021-06-03,2021-06-28,121087,5,1200,750,62.50%
EX60CXM,2021-06-04,2021-06-24,35398,3,2450,2500,102.00%
GJ13TMO,2021-06-04,2021-06-24,88161,4,2275,2300,101.10%
LY63AWM,2021-06-04,2021-06-24,105027,3,6325,6550,103.60%
KP63CRZ,2021-06-04,2021-06-21,81942,3,3250,3300,101.50%
YC61DCU,2021-06-04,2021-06-24,84406,4,2500,1900,76.00%
NA64EYX,2021-06-04,2021-07-05,93554,4,5850,5550,94.90%
OV61CKD,2021-06-04,2021-06-24,122330,2,3700,3300,89.20%
VX14OBD,2021-06-04,2021-06-21,74379,4,5625,5000,88.90%
LO61GRK,2021-06-04,2021-06-28,69002,4,5575,5300,95.10%
ML57HUU,2021-06-04,2021-06-28,131581,3,740,600,81.10%
LT12FFV,2021-06-04,2021-06-24,71238,4,3300,2700,81.80%
NA09LFH,2021-06-04,2021-06-21,132780,4,2075,1700,81.90%
LD06XYR,2021-06-04,2021-06-24,83470,3,510,500,98.00%
RJ59UYG,2021-06-04,2021-06-24,90725,4,2900,2850,98.30%
EO12UNN,2021-06-04,2021-06-24,118415,5,4125,2700,65.50%
FP13BYL,2021-06-04,2021-06-28,74763,3,14300,15400,107.70%
MT57SBV,2021-06-04,2021-07-01,135200,3,1200,1050,87.50%
KF07BHS,2021-06-04,2021-07-01,96692,3,2350,2175,92.60%
DN10HYG,2021-06-05,2021-06-24,63197,4,1450,1000,69.00%
KM14FNG,2021-06-05,2021-07-01,92718,2,2875,3000,104.30%
FL11JGO,2021-06-05,2021-06-28,82386,4,5675,5050,89.00%
ML12GXC,2021-06-05,2021-07-05,88374,2,4700,5050,107.40%
OY62XUK,2021-06-05,2021-07-05,63986,4,10800,10600,98.10%
NU08KNM,2021-06-05,2021-06-28,90509,4,850,725,85.30%
KM10XXA,2021-06-05,2021-06-24,60979,3,3450,3300,95.70%
BT12VAO,2021-06-05,2021-06-24,95146,4,2150,1800,83.70%
FH12MYL,2021-06-05,2021-06-24,70558,3,2350,2450,104.30%
EK07JLU,2021-06-06,2021-07-05,61298,3,2525,2850,112.90%
KY66JZU,2021-06-06,2021-06-21,74534,3,7775,8150,104.80%
BP11XEV,2021-06-06,2021-07-01,67028,4,2500,2350,94.00%
RJ12GNP,2021-06-06,2021-06-28,64301,3,1925,2100,109.10%
HV08YNP,2021-06-06,2021-06-28,79169,3,1350,1200,88.90%
FH62URT,2021-06-06,2021-06-24,28978,5,3100,3050,98.40%
FD13MKA,2021-06-06,2021-06-24,137300,4,2000,1300,65.00%
HJ13KUH,2021-06-06,2021-06-24,75134,3,3075,2650,86.20%
PK62NHC,2021-06-06,2021-06-28,71344,2,3525,3850,109.20%
DU62YOD,2021-06-06,2021-06-24,79279,3,2500,2300,92.00%
EN13NAA,2021-06-06,2021-06-28,47075,5,1675,1000,59.70%
HV60LLM,2021-06-06,2021-06-24,89330,2,2300,2350,102.20%
LJ59BXO,2021-06-06,2021-06-24,90192,4,940,550,58.50%
FG12WTO,2021-06-06,2021-07-05,121262,3,1475,1450,98.30%
OV57EKP,2021-06-07,2021-06-28,111849,3,3950,4450,112.70%
FY60XFX,2021-06-07,2021-06-28,88825,3,1800,1950,108.30%
FP62FFG,2021-06-07,2021-07-01,21501,4,4225,3600,85.20%
OV62MYF,2021-06-07,2021-06-28,134638,3,2025,1600,79.00%
YT61NHN,2021-06-07,2021-06-24,60447,2,1425,1200,84.20%
CA12HHU,2021-06-07,2021-06-28,35677,1,5625,5700,101.30%
GP08VZL,2021-06-07,2021-07-01,79500,5,750,750,100.00%
MA61GPY,2021-06-07,2021-06-24,45013,5,2100,1450,69.00%
CA10GWE,2021-06-07,2021-07-05,78832,4,2100,2050,97.60%
CA59CKD,2021-06-07,2021-06-28,83241,3,2275,2200,96.70%
LR12WMJ,2021-06-07,2021-06-24,71701,4,1575,1100,69.80%
LB14FXD,2021-06-07,2021-06-28,136927,2,3700,3750,101.40%
YE14LVV,2021-06-07,2021-06-24,118995,3,4875,5300,108.70%
VO11XNR,2021-06-07,2021-06-28,154400,4,1625,1200,73.80%
HD12FNA,2021-06-07,2021-06-24,44467,3,7750,8050,103.90%
WU08GYO,2021-06-07,2021-06-28,98196,4,680,300,44.10%
NX11USO,2021-06-07,2021-07-01,78018,4,1350,1275,94.40%
YC11ENN,2021-06-08,2021-06-21,101030,4,1575,1350,85.70%
CY10BKZ,2021-06-08,2021-07-05,48577,3,1875,2600,138.70%
YD11WTV,2021-06-08,2021-07-05,111024,5,1850,1400,75.70%
WF07PSX,2021-06-08,2021-06-24,110585,4,1700,2175,127.90%
AK62FSY,2021-06-08,2021-06-24,108683,4,4675,4050,86.60%
SP63NNG,2021-06-08,2021-06-28,44449,3,8550,8650,101.20%
WP57CCA,2021-06-08,2021-06-24,89600,3,1175,1150,97.90%
KP13DXD,2021-06-08,2021-06-28,80871,4,5425,5300,97.70%
NJ61USW,2021-06-08,2021-06-28,36391,4,1500,1050,70.00%
A13LBF,2021-06-08,2021-06-28,68098,3,7375,7450,101.00%
DA13FNX,2021-06-08,2021-06-28,50226,3,8200,7950,97.00%
WL11GXR,2021-06-08,2021-07-05,49571,4,2500,2700,108.00%
SL06MXD,2021-06-08,2021-06-28,72325,4,950,1050,110.50%
HJ10URW,2021-06-08,2021-06-28,56062,4,2625,2900,110.50%
YR07CBU,2021-06-08,2021-07-01,66173,3,1350,1275,94.40%
SJ14KCX,2021-06-08,2021-06-28,127486,5,2125,1400,65.90%
LL63OTP,2021-06-08,2021-06-28,81029,4,8275,7850,94.90%
DV60RTX,2021-06-09,2021-06-28,74069,4,1925,1325,68.80%
FH61HJJ,2021-06-09,2021-06-28,84643,4,5200,4600,88.50%
MJ07YRY,2021-06-09,2021-06-28,46237,5,2000,1400,70.00%
EO13WKW,2021-06-09,2021-06-24,87109,2,3075,3025,98.40%
NK63WCF,2021-06-09,2021-06-24,45063,3,2050,2250,109.70%
SH65YUR,2021-06-09,2021-06-24,77521,3,7700,9000,116.90%
BD59CPX,2021-06-09,2021-06-28,87090,3,980,900,91.80%
CE60UHT,2021-06-09,2021-07-01,91548,4,3825,3450,90.20%
YF11BZB,2021-06-09,2021-07-01,71608,4,900,700,77.80%
PX08YKN,2021-06-09,2021-07-05,66418,4,1325,1200,90.60%
EO13OCP,2021-06-09,2021-07-05,76905,3,2925,3200,109.40%
VU57YVR,2021-06-09,2021-06-28,60086,4,820,525,64.00%
DU58NWD,2021-06-09,2021-07-05,76675,3,3575,3600,100.70%
LF65ZFL,2021-06-09,2021-06-28,111011,3,7450,7600,102.00%
MA64BHN,2021-06-10,2021-06-24,78866,3,10100,11700,115.80%
WN10CKX,2021-06-10,2021-06-28,73078,4,2775,2850,102.70%
YR56HHM,2021-06-10,2021-06-24,101659,4,1250,1025,82.00%
CN15XYA,2021-06-10,2021-06-28,60856,3,3075,3250,105.70%
BG13RXM,2021-06-10,2021-06-28,72847,4,1950,1700,87.20%
HY13ZHP,2021-06-10,2021-06-28,81006,3,2075,1600,77.10%
EF57LMX,2021-06-10,2021-07-01,114409,5,1950,1350,69.20%
GF62OVX,2021-06-10,2021-07-05,102190,3,7250,7600,104.80%
FR12CME,2021-06-10,2021-07-06,48838,,5125,4650,90.70%
SW58FBY,2021-06-10,2021-06-24,62433,3,2950,2900,98.30%
YX10YXB,2021-06-11,2021-06-28,30915,4,3200,3900,121.90%
LG08TYA,2021-06-11,2021-06-28,133496,4,2125,1550,72.90%
NL12KGV,2021-06-11,2021-07-01,92534,4,2750,2300,83.60%
SE07OZH,2021-06-11,2021-07-01,83552,3,3600,3250,90.30%
FN65JNL,2021-06-11,2021-06-28,76196,4,6100,5900,96.70%
YT64NWP,2021-06-11,2021-06-24,100514,3,2975,2775,93.30%
LB12EGK,2021-06-11,2021-06-24,36577,5,2225,1550,69.70%
AP07VNY,2021-06-11,2021-06-28,111658,4,580,350,60.30%
FN62XGX,2021-06-11,2021-07-01,77987,3,2550,4050,158.80%
KP06XUR,2021-06-11,2021-07-01,134567,4,480,250,52.10%
SA58UBU,2021-06-11,2021-06-28,40327,4,1675,1950,116.40%
WM10PXV,2021-06-11,2021-06-28,50756,5,1275,1050,82.40%
EF10OHB,2021-06-11,2021-06-28,94534,4,1900,1475,77.60%
HN08ZUD,2021-06-12,2021-07-05,95314,4,650,475,73.10%
PN64URS,2021-06-12,2021-06-28,108384,2,3075,3150,102.40%
WR13UBX,2021-06-12,2021-06-28,34191,2,11400,13000,114.00%
CX11RMO,2021-06-12,2021-07-01,90826,4,2200,1950,88.60%
MF62LYO,2021-06-12,2021-06-28,63421,4,2075,1700,81.90%
ND63HRK,2021-06-12,2021-07-05,71553,2,7900,8700,110.10%
LB57KHV,2021-06-13,2021-07-05,84502,4,5150,5100,99.00%
GJ61BNZ,2021-06-13,2021-06-28,64565,2,1875,2100,112.00%
NM07WWB,2021-06-13,2021-07-05,117324,4,530,350,66.00%
SG62DZH,2021-06-13,2021-07-01,61939,3,2975,3100,104.20%
LC61OMY,2021-06-13,2021-07-05,76660,4,4875,4350,89.20%
GP08NFM,2021-06-13,2021-07-05,83120,4,1200,1375,114.60%
GV60EYS,2021-06-13,2021-07-05,62114,4,4350,4850,111.50%
LM58UEJ,2021-06-13,2021-06-28,54959,4,2125,1850,87.10%
LD10BKX,2021-06-14,2021-06-28,84388,4,2425,2200,90.70%
KN12LZJ,2021-06-14,2021-07-01,65563,4,2600,2525,97.10%
YF12KUR,2021-06-14,2021-07-05,54992,3,3950,4400,111.40%
PX11VFF,2021-06-14,2021-07-01,95741,3,2575,2450,95.10%
PE12VCD,2021-06-14,2021-07-01,87344,3,1325,1400,105.70%
FR61BKJ,2021-06-14,2021-07-05,100812,3,2575,2650,102.90%
FH15LWS,2021-06-14,2021-07-01,86447,2,4150,4250,102.40%
LC13WMJ,2021-06-15,2021-07-05,96060,3,3200,3050,95.30%
WN07XBM,2021-06-15,2021-07-05,136893,4,,1050,
YS09LVN,2021-06-15,2021-07-02,80498,,1800,1850,102.80%
KM59USL,2021-06-15,2021-07-01,87382,3,1450,1325,91.40%
GV09JFY,2021-06-15,2021-07-01,34995,3,3750,4000,106.70%
DS60UHR,2021-06-15,2021-07-05,76443,,1500,1300,86.70%
LD09OJG,2021-06-15,2021-07-05,75701,4,2900,2750,94.80%
BT63CVP,2021-06-15,2021-06-28,46622,4,5800,6050,104.30%
BF06UCX,2021-06-16,2021-07-01,73433,4,690,400,58.00%
S44SNR,2021-06-16,2021-07-05,76817,4,11900,10500,88.20%
LO61OBF,2021-06-16,2021-07-01,129998,2,3300,3400,103.00%
NG64EHF,2021-06-16,2021-07-01,81448,3,3175,3000,94.50%
GF15WDS,2021-06-17,2021-07-05,77522,3,8100,8600,106.20%
AK56UEH,2021-06-17,2021-06-28,69195,5,1450,1175,81.00%
CP14HZX,2021-06-17,2021-06-28,38300,3,2900,3050,105.20%
WG59VWL,2021-06-17,2021-07-05,88701,4,1300,1050,80.80%
KP09OUY,2021-06-17,2021-07-05,88918,4,780,750,96.20%
DV11LJL,2021-06-17,2021-07-05,65007,3,2175,2050,94.30%
EO10UHY,2021-06-18,2021-07-05,75255,4,1975,2200,111.40%
FE06ZVJ,2021-06-18,2021-07-05,79887,4,610,725,118.90%
LD60TYX,2021-06-18,2021-07-05,86811,4,4450,4450,100.00%
LN60YCP,2021-06-18,2021-06-28,54254,3,1875,1700,90.70%
WF13RBY,2021-06-18,2021-07-05,56161,3,2875,3500,121.70%
BT62TMU,2021-06-18,2021-07-01,108612,3,3425,4000,116.80%
CA10ZSN,2021-06-19,2021-07-05,85503,4,1575,1700,107.90%
MJ08VHE,2021-06-19,2021-07-01,119257,5,710,350,49.30%
YH63VMV,2021-06-19,2021-07-05,75772,3,12750,13200,103.50%
LN15JYS,2021-06-19,2021-07-05,84688,3,12000,13450,112.10%
CK11DZV,2021-06-20,2021-07-05,56210,4,2425,2800,115.50%
BT58FPX,2021-06-20,2021-07-05,98997,4,910,900,98.90%
AO12TNZ,2021-06-20,2021-07-05,57902,4,4175,3650,87.40%
KL08OKG,2021-06-20,2021-07-03,151375,,2200,1900,86.40%
VA07BWC,2021-06-21,2021-07-01,52722,3,940,1100,117.00%
FP58MFA,2021-06-22,2021-07-05,163058,4,400,250,62.50%
YA10NHG,2021-06-22,2021-07-05,94291,4,2975,2800,94.10%
WN62HZX,2021-06-23,2021-07-05,81268,4,1950,1750,89.70%
GC65XAB,2021-06-25,2021-07-05,87627,3,11800,12600,106.80%
